{
"type": "FeatureCollection",
"name": "texasDistricts",
"crs": { "type": "name", "properties": { "name": "urn:ogc:def:crs:OGC:1.3:CRS84" } },
"features": [
{ "type": "Feature", "properties": { "District": 1 }, "geometry": { "type": "Polygon", "coordinates": [ [ [ -95.003345000631569, 31.42570999990448 ], [ -94.865857000033074, 31.526915999692573 ], [ -94.861037999390575, 31.514581999639617 ], [ -94.833868999307356, 31.501661999722689 ], [ -94.823791000117453, 31.487137000726722 ], [ -94.808197999707176, 31.488807000723998 ], [ -94.75300600040643, 31.470276999388101 ], [ -94.728456000100834, 31.457146999343284 ], [ -94.686348999720039, 31.450816999878697 ], [ -94.660265999748134, 31.452354000340904 ], [ -94.62396900058279, 31.439403000509955 ], [ -94.602165999425807, 31.442043000224754 ], [ -94.581451999586307, 31.433189000210621 ], [ -94.554838000281961, 31.43512299972663 ], [ -94.544705999432551, 31.424199000523497 ], [ -94.5370610000559, 31.398608999998512 ], [ -94.502188000505782, 31.410525000237303 ], [ -94.483704999949367, 31.388339999589412 ], [ -94.466675999635029, 31.378009000418725 ], [ -94.449421999630417, 31.32133699920745 ], [ -94.438056000953097, 31.312609999922511 ], [ -94.39349400074245, 31.299521999379188 ], [ -94.374184999276821, 31.266162000036861 ], [ -94.357631000790832, 31.259589999751086 ], [ -94.348746999871707, 31.238302000513805 ], [ -94.331709000903174, 31.223531000607242 ], [ -94.313261999820071, 31.223862000289323 ], [ -94.287885000738527, 31.201330000255624 ], [ -94.269862999583964, 31.196239999343025 ], [ -94.265457999442432, 31.184529999548623 ], [ -94.247150999476546, 31.184497999812876 ], [ -94.218996999602112, 31.173264999171483 ], [ -94.219555999464433, 31.164419000489858 ], [ -94.189586000376579, 31.134013999549943 ], [ -94.143878000423911, 31.114755999323751 ], [ -94.129631999741818, 31.099280000261686 ], [ -94.050905000150465, 31.114609000250542 ], [ -94.039033999876366, 31.134270999718741 ], [ -93.911219000576139, 31.158065999852621 ], [ -93.600308000811381, 31.176158000357105 ], [ -93.607010999901576, 31.204271999473391 ], [ -93.599353000748863, 31.224948999673988 ], [ -93.618255000475244, 31.233105000088475 ], [ -93.613941999514495, 31.259375000793153 ], [ -93.620828999573007, 31.271298999195917 ], [ -93.639694000401661, 31.26916299984704 ], [ -93.659284999749957, 31.282105999430357 ], [ -93.669811000878212, 31.298690000295153 ], [ -93.68751100063065, 31.310813000629619 ], [ -93.673838000088821, 31.323854999426583 ], [ -93.66727300001871, 31.365412999521975 ], [ -93.674117000867554, 31.397680999442141 ], [ -93.70487899947679, 31.410880999746844 ], [ -93.692630999365164, 31.43719200000951 ], [ -93.708202999668117, 31.441557000105853 ], [ -93.749476000826633, 31.468690000302356 ], [ -93.74189400035165, 31.48353700083247 ], [ -93.722596000204334, 31.492769000447257 ], [ -93.719707999826213, 31.505839999460477 ], [ -93.737375999043678, 31.513863999992427 ], [ -93.74258600056082, 31.526229000394984 ], [ -93.785027999264614, 31.525962000220474 ], [ -93.820763999150088, 31.558220999819888 ], [ -93.83941599923277, 31.599200000751527 ], [ -93.8163690001427, 31.639258000475106 ], [ -93.825661000644089, 31.661022000833203 ], [ -93.82316899922597, 31.672893000762077 ], [ -93.806878999420348, 31.681571000351113 ], [ -93.794548000833501, 31.702075999993781 ], [ -93.812206000094719, 31.707582000238496 ], [ -93.815482999802001, 31.72977100061032 ], [ -93.836884000012574, 31.750171000443075 ], [ -93.822598000063863, 31.773559000266186 ], [ -93.837696000450137, 31.787858000436191 ], [ -93.839343000201069, 31.800330000233771 ], [ -93.874835999707571, 31.822314000054536 ], [ -93.872988000061667, 31.836695999462773 ], [ -93.88919300061373, 31.856818999297587 ], [ -93.881677999091067, 31.868580999379603 ], [ -93.920710999331817, 31.889731000584476 ], [ -93.92210899926603, 31.905323999492964 ], [ -93.953545999329819, 31.910563000538914 ], [ -93.970825999437508, 31.919967999657278 ], [ -94.01876500086702, 31.989118000587162 ], [ -94.042720000902648, 31.999270999946948 ], [ -94.042816999255422, 32.57453399936572 ], [ -94.043211999839869, 32.77680299925494 ], [ -94.042863000863491, 33.199839999491971 ], [ -94.043313000438317, 33.551583999427606 ], [ -94.060501001004297, 33.549582999372049 ], [ -94.080668000257219, 33.575071999583507 ], [ -94.143373999183524, 33.565593000084668 ], [ -94.184410999485436, 33.594386000197993 ], [ -94.223757000446895, 33.55348200020876 ], [ -94.236689999740321, 33.552339000301366 ], [ -94.25149899995904, 33.564265000664598 ], [ -94.257546000850795, 33.582641999514927 ], [ -94.259042999282158, 33.46530800039347 ], [ -94.190816000261023, 33.455286000222493 ], [ -94.190695000956339, 33.423574999793459 ], [ -94.205825000195645, 33.404062999571323 ], [ -94.237511999509039, 33.394472000794828 ], [ -94.258455999859734, 33.394453999274226 ], [ -94.26328299935679, 33.377057000199216 ], [ -94.297228000120612, 33.377791000512495 ], [ -94.296610999975613, 33.398071999528121 ], [ -94.341752999266234, 33.400723000051833 ], [ -94.345578000694672, 33.407807999448551 ], [ -94.400448999519526, 33.407408999818841 ], [ -94.405835000875356, 33.392427999598624 ], [ -94.394958000563236, 33.356158000637159 ], [ -94.434904999088531, 33.35198099942302 ], [ -94.421355000388502, 33.31269699942812 ], [ -94.42891600062093, 33.28698300084173 ], [ -94.438477999031818, 33.281052000178917 ], [ -94.468441999539138, 33.294312999706058 ], [ -94.50019999925432, 33.28333599955652 ], [ -94.517867999903288, 33.282096000368263 ], [ -94.529953999438803, 33.267350000481393 ], [ -94.569516999092713, 33.263618999949664 ], [ -94.572463000306016, 33.249825999855496 ], [ -94.604084999134983, 33.257222000371371 ], [ -94.617167999610416, 33.247085999951466 ], [ -94.649101000069024, 33.258709999933032 ], [ -94.652260000037614, 33.26886099954271 ], [ -94.652527999175618, 33.14399699942129 ], [ -94.654000000982421, 33.061267999639824 ], [ -94.653994000604243, 32.87950600048493 ], [ -94.705877999913056, 32.879177000748996 ], [ -94.698975999630733, 32.845061999475845 ], [ -94.672351000464971, 32.834755999724855 ], [ -94.702138000684073, 32.820515000768026 ], [ -94.702176999663394, 32.714084000130221 ], [ -94.7045579994343, 32.657492999610014 ], [ -94.727919000012079, 32.655419999696456 ], [ -94.736905000560697, 32.663481999327672 ], [ -94.758501999494712, 32.659793000118889 ], [ -94.820223000494849, 32.590648000725345 ], [ -94.972206999890105, 32.537429000783277 ], [ -94.988336999432335, 32.536758000299635 ], [ -95.008685999235212, 32.516812999412188 ], [ -95.022360000861795, 32.521698000409501 ], [ -95.0248169992702, 32.536999999724721 ], [ -95.065934999263334, 32.53769200011962 ], [ -95.084420000687217, 32.552981000649524 ], [ -95.13543399911245, 32.548013999526972 ], [ -95.145887999155107, 32.569740999709595 ], [ -95.171819000637029, 32.548699000674553 ], [ -95.189129000413303, 32.546596000668309 ], [ -95.208480000690315, 32.568629999712975 ], [ -95.237950000324915, 32.560541000373654 ], [ -95.254178000569681, 32.57560599940814 ], [ -95.278889000911576, 32.573858999507358 ], [ -95.305886999680368, 32.592227999384797 ], [ -95.332163999649339, 32.60425200012245 ], [ -95.361789000361412, 32.606663999972412 ], [ -95.389754000532321, 32.599974000228805 ], [ -95.419710999092615, 32.609105000297809 ], [ -95.470742000282257, 32.609035999528324 ], [ -95.510945000680209, 32.62032799947567 ], [ -95.52427599951352, 32.643665000126454 ], [ -95.581709999662976, 32.673635999572802 ], [ -95.594541000564917, 32.687026000090832 ], [ -95.594300000902862, 32.479858000102794 ], [ -95.552318000598817, 32.449539999862516 ], [ -95.534739999460299, 32.43226600027247 ], [ -95.501641999934279, 32.409238999214338 ], [ -95.493797000209526, 32.389640000400249 ], [ -95.471345999571895, 32.369523000771352 ], [ -95.449099000294652, 32.35945999949891 ], [ -95.457825000591612, 32.327928999617434 ], [ -95.451043000294959, 32.294051999203916 ], [ -95.457268000457972, 32.2731110005967 ], [ -95.469948999860648, 32.262124000536396 ], [ -95.467584000463049, 32.246630000252026 ], [ -95.488000000840785, 32.235484000782144 ], [ -95.470146999455963, 32.212085999367751 ], [ -95.463249000897804, 32.194409000647127 ], [ -95.479776000048801, 32.151152999720956 ], [ -95.45990800082042, 32.135558999449998 ], [ -95.456843000813464, 32.112306999740483 ], [ -95.424107000497273, 32.08389200076514 ], [ -95.43792999971707, 32.068259000142042 ], [ -95.438220999617442, 32.035611999545694 ], [ -95.424105999275213, 32.018892999780384 ], [ -95.446146000148644, 31.999423000661317 ], [ -95.453519000725535, 31.959876000405689 ], [ -95.445587999144522, 31.945858000610709 ], [ -95.422734999091531, 31.924822999774257 ], [ -95.437532999326564, 31.901518999773927 ], [ -95.431267999676422, 31.883418999909566 ], [ -95.44602399917288, 31.847986999991178 ], [ -95.414725000860642, 31.835630000345652 ], [ -95.400604000062188, 31.813339999473868 ], [ -95.395352999685372, 31.792764000244453 ], [ -95.395608000465245, 31.763386999495467 ], [ -95.381531999774381, 31.752999999726679 ], [ -95.366187000271495, 31.726753000704363 ], [ -95.337737000272654, 31.735522000154855 ], [ -95.32571399910681, 31.703738999471671 ], [ -95.289661000153458, 31.683997000276001 ], [ -95.275848999217303, 31.657228999504113 ], [ -95.286799999644046, 31.644719999617816 ], [ -95.281693000071527, 31.625390999394664 ], [ -95.264881999829001, 31.624269999763563 ], [ -95.25969400015137, 31.607809999961692 ], [ -95.273203000127694, 31.592886000657199 ], [ -95.256415000264838, 31.576159000148859 ], [ -95.197239999364911, 31.572963000294401 ], [ -95.176358999807988, 31.584825999237577 ], [ -95.149197999875526, 31.56880700015358 ], [ -95.143444999946027, 31.539641000524451 ], [ -95.125337999438088, 31.537248000023911 ], [ -95.099966000278357, 31.518869000318976 ], [ -95.09456300047367, 31.504084999647347 ], [ -95.109740999961943, 31.488853000725477 ], [ -95.100117999247715, 31.469035999534132 ], [ -95.06034800045073, 31.467909999944883 ], [ -95.051678000100708, 31.453057000227364 ], [ -95.024475000278841, 31.442692999943759 ], [ -95.003345000631569, 31.42570999990448 ] ] ] } },
{ "type": "Feature", "properties": { "District": 2 }, "geometry": { "type": "Polygon", "coordinates": [ [ [ -95.548723999533479, 29.884069000490054 ], [ -95.537250999215459, 29.873875000489949 ], [ -95.51608399991224, 29.876058000609646 ], [ -95.495686999071381, 29.899681000022564 ], [ -95.509283000439567, 29.914678000112449 ], [ -95.529881999695405, 29.950614000128791 ], [ -95.509415000392366, 29.956337000136013 ], [ -95.513134000486417, 29.979739999297959 ], [ -95.463790999756966, 30.007032999968768 ], [ -95.476371000008925, 30.024371000200205 ], [ -95.461336999921443, 30.034948999360942 ], [ -95.388842999371676, 30.036472000002895 ], [ -95.391497999636627, 30.055224000768877 ], [ -95.376793000297539, 30.063351000552597 ], [ -95.354769999541716, 30.056862000425415 ], [ -95.34638600056023, 30.045283000736045 ], [ -95.347672000705501, 30.028135000381241 ], [ -95.317322999164389, 30.034353000186979 ], [ -95.292911999860081, 30.027747999839015 ], [ -95.257042000072516, 30.031454999447391 ], [ -95.284595000956784, 29.965713999282919 ], [ -95.266767999877104, 29.955774999736679 ], [ -95.248023000566164, 29.961967999324489 ], [ -95.245161999078164, 29.99573800009502 ], [ -95.212424000386861, 29.999447999494887 ], [ -95.211386999681309, 29.956679999176487 ], [ -95.193782000088518, 29.944880999267156 ], [ -95.205959000334971, 29.932322000566334 ], [ -95.199382000284004, 29.92456500020435 ], [ -95.183947999056599, 29.924645000467699 ], [ -95.129285000533343, 29.977871999933221 ], [ -95.109902999265671, 29.988204000709075 ], [ -95.095715000364081, 30.057313000174624 ], [ -95.056844000670935, 30.060979999684953 ], [ -95.097823000785866, 30.170615999634961 ], [ -95.165897000456596, 30.344976000280223 ], [ -95.225580999318112, 30.319534000555795 ], [ -95.22721600041676, 30.285425999568695 ], [ -95.238947999252417, 30.259655999800671 ], [ -95.2680940002288, 30.254170000207246 ], [ -95.291628999181654, 30.259812999720861 ], [ -95.312215000494277, 30.257104999509053 ], [ -95.298857999393817, 30.232107000090849 ], [ -95.361163000677152, 30.228875999575418 ], [ -95.357838000131864, 30.212957000287986 ], [ -95.406346000549163, 30.215080000803219 ], [ -95.453143000078867, 30.248529999890771 ], [ -95.467941999853224, 30.247167000057626 ], [ -95.505569000342234, 30.272837000542459 ], [ -95.558569999940559, 30.255650000053471 ], [ -95.579033999407997, 30.25361399988422 ], [ -95.567541000072055, 30.236327999565102 ], [ -95.568155999775783, 30.214331999713771 ], [ -95.58882899954034, 30.194897999867049 ], [ -95.6008870006644, 30.174417999866922 ], [ -95.596756999848523, 30.134460000261885 ], [ -95.574629999211709, 30.151783000355049 ], [ -95.56275599937689, 30.136620999727228 ], [ -95.504852000611052, 30.136893999285039 ], [ -95.506781000236757, 30.09694000041674 ], [ -95.496708000693857, 30.083466000340461 ], [ -95.49602499944956, 30.058485999485328 ], [ -95.488562000243704, 30.040385999508835 ], [ -95.507153000343905, 30.030164000651926 ], [ -95.496736000770824, 30.013322999335532 ], [ -95.519802000505464, 30.005883000420543 ], [ -95.540895999180336, 29.98945700037978 ], [ -95.579547000089974, 29.988088999293566 ], [ -95.595637000482228, 29.972421999278922 ], [ -95.585240999906659, 29.966226000634133 ], [ -95.584562000454085, 29.909974999829508 ], [ -95.567266000410754, 29.909743999196341 ], [ -95.549778999479656, 29.899626000044496 ], [ -95.548723999533479, 29.884069000490054 ] ] ] } },
{ "type": "Feature", "properties": { "District": 3 }, "geometry": { "type": "Polygon", "coordinates": [ [ [ -94.652260000037614, 33.26886099954271 ], [ -94.652720999256573, 33.275892999961684 ], [ -94.687214000915688, 33.293464000066045 ], [ -94.693762000679754, 33.311327999731624 ], [ -94.726220999713433, 33.30728999933654 ], [ -94.745195000822847, 33.329818999739516 ], [ -94.756241999158263, 33.317615000350784 ], [ -94.774655000801914, 33.318284999254168 ], [ -94.791043000661531, 33.355322000569018 ], [ -94.812709999724092, 33.375576999580737 ], [ -94.83924499986945, 33.385179000266852 ], [ -94.857586000066419, 33.376699999571237 ], [ -94.882043000667252, 33.396073999248571 ], [ -94.928212999108553, 33.383991999229956 ], [ -94.960699999710741, 33.39266999946458 ], [ -94.966459000317869, 33.387928999919495 ], [ -95.004728999467275, 33.395363000313537 ], [ -95.024765999043638, 33.383760999896758 ], [ -95.074208000079025, 33.385894000772531 ], [ -95.101674000060385, 33.396561000239039 ], [ -95.145603000419982, 33.382043999522502 ], [ -95.166701999817164, 33.384704000522859 ], [ -95.190699999256694, 33.374020999506939 ], [ -95.201066999819261, 33.380950000384402 ], [ -95.229650999006893, 33.375557000598846 ], [ -95.242250000266395, 33.367936000389101 ], [ -95.289306000296961, 33.377562999478556 ], [ -95.306639999975445, 33.378026999510354 ], [ -95.342532999943487, 33.388669000089365 ], [ -95.373215000232761, 33.39242399943948 ], [ -95.399751999354535, 33.409778000510407 ], [ -95.416898000526558, 33.412194000315004 ], [ -95.432837000297894, 33.427196999687958 ], [ -95.464600000237127, 33.433895000270766 ], [ -95.489214000818322, 33.45375700002009 ], [ -95.500903000617114, 33.443404000481927 ], [ -95.526956000104335, 33.445922999541395 ], [ -95.565835999164648, 33.477059999764052 ], [ -95.582012000936189, 33.469172000494197 ], [ -95.59295199916123, 33.480126000516307 ], [ -95.62102699959452, 33.487059999833207 ], [ -95.647944000660857, 33.483362999698947 ], [ -95.671634000750316, 33.472636000763949 ], [ -95.697237999931772, 33.476765000643567 ], [ -95.704395000199426, 33.486655999604544 ], [ -95.733530999195068, 33.486418000669445 ], [ -95.767482999824907, 33.494751000806211 ], [ -95.780028000157373, 33.490836999361719 ], [ -95.8197899994436, 33.464032999231264 ], [ -95.848947000679885, 33.457760000580087 ], [ -95.857737999763842, 33.461721999551436 ], [ -95.858722999791027, 33.409529999264727 ], [ -96.250256000402842, 33.357776000033589 ], [ -96.384495000907378, 33.341119000839974 ], [ -96.384602000784042, 33.39782600044628 ], [ -96.625264000310949, 33.400638999729217 ], [ -96.727038999356779, 33.402912000061235 ], [ -96.712857999633385, 33.352730000373768 ], [ -96.714657000642489, 33.334948000044911 ], [ -96.730173999969878, 33.334351999524401 ], [ -96.730331999966921, 33.26241599966788 ], [ -96.732823000170129, 33.218569999380584 ], [ -96.767406000468114, 33.21858799955767 ], [ -96.767898000577787, 33.182015999790593 ], [ -96.741579000024274, 33.181618999626458 ], [ -96.7328939990946, 33.188954999896886 ], [ -96.733305999280745, 33.091863000189292 ], [ -96.736755999842146, 33.071587000410481 ], [ -96.709435000626399, 33.069652000206602 ], [ -96.708001000185348, 33.004232999288014 ], [ -96.682214999659408, 33.002771999649674 ], [ -96.614706999971332, 33.004934000814288 ], [ -96.61336700048615, 32.984308999215969 ], [ -96.4133409997158, 32.981954999580829 ], [ -96.275322000454295, 32.981416000216363 ], [ -96.26362600073314, 32.985331999889766 ], [ -96.203384000817223, 33.019771000412874 ], [ -96.178817000542622, 33.043055999688704 ], [ -96.121867999539901, 33.042233999296968 ], [ -96.093631999551462, 33.037210999435558 ], [ -96.048610999847781, 33.037047999184047 ], [ -96.018887000596223, 33.011037999737432 ], [ -95.977528999249074, 33.022676999630413 ], [ -95.95980200093797, 33.010851999649255 ], [ -95.931919999284872, 33.003571999877849 ], [ -95.923549999310708, 32.979796000227161 ], [ -95.667728000847617, 32.979553999398306 ], [ -95.665388999156292, 32.960434000251738 ], [ -95.305728999422044, 32.962598000556397 ], [ -95.173690000409309, 32.961913999597428 ], [ -95.165037999210895, 32.975321999797508 ], [ -95.153650000111909, 33.01244799988006 ], [ -95.125217000338793, 33.035362000531293 ], [ -95.103043000623799, 33.032956000822416 ], [ -95.042917999137089, 33.070236999873046 ], [ -95.011412999370009, 33.075784999359634 ], [ -94.927726999952881, 33.070304000603826 ], [ -94.910792999526478, 33.04592400013189 ], [ -94.859945000084551, 33.003905000817944 ], [ -94.819356000606248, 32.982891999673406 ], [ -94.776335999489049, 32.946234999880417 ], [ -94.770919999273218, 32.927439000085087 ], [ -94.755921000516935, 32.918413000266213 ], [ -94.727829000408335, 32.913539000204096 ], [ -94.707044000424119, 32.894783999875798 ], [ -94.705877999913056, 32.879177000748996 ], [ -94.653994000604243, 32.87950600048493 ], [ -94.654000000982421, 33.061267999639824 ], [ -94.652527999175618, 33.14399699942129 ], [ -94.652260000037614, 33.26886099954271 ] ] ] } },
{ "type": "Feature", "properties": { "District": 4 }, "geometry": { "type": "Polygon", "coordinates": [ [ [ -94.257546000850795, 33.582641999514927 ], [ -94.27424099955455, 33.558758999770234 ], [ -94.309299999135433, 33.551750000704374 ], [ -94.352773999443002, 33.56089299973312 ], [ -94.356518999248919, 33.542980999267549 ], [ -94.386785999210829, 33.54512299997144 ], [ -94.412450999472171, 33.569019000701765 ], [ -94.428034000913144, 33.590038000110745 ], [ -94.453483000581713, 33.591970000428475 ], [ -94.469057999424138, 33.607642000703137 ], [ -94.453976999117302, 33.615763999414483 ], [ -94.464425000707735, 33.637472000459752 ], [ -94.491670000476901, 33.636453999272881 ], [ -94.505654999285099, 33.620667999337307 ], [ -94.532531000553135, 33.627639999875463 ], [ -94.564076000258538, 33.626264999328313 ], [ -94.568559000895178, 33.636919999395332 ], [ -94.54543599929309, 33.646227999991055 ], [ -94.549635999777763, 33.660675999424939 ], [ -94.570565999951882, 33.652225999415954 ], [ -94.580334999991379, 33.678880000399587 ], [ -94.593294000705711, 33.665257999985812 ], [ -94.611890999367134, 33.67004000021825 ], [ -94.62684399932516, 33.682035000101585 ], [ -94.639197999617195, 33.66373700008193 ], [ -94.660963999171997, 33.660322000511826 ], [ -94.67018399922317, 33.670343000519118 ], [ -94.65140199924906, 33.685843000461404 ], [ -94.66491399963833, 33.694255000548267 ], [ -94.684795999927999, 33.684353000583819 ], [ -94.736814000640734, 33.692331999504432 ], [ -94.75306899998408, 33.710752999389449 ], [ -94.732365999546914, 33.721939000280436 ], [ -94.751371000869256, 33.733727000202244 ], [ -94.773126000871514, 33.727187000473215 ], [ -94.802252000902456, 33.732787999429902 ], [ -94.816386999159619, 33.763963000685273 ], [ -94.830844000896889, 33.75807900016833 ], [ -94.827948000572476, 33.740881999802632 ], [ -94.860686999078212, 33.741945000617172 ], [ -94.87708300023084, 33.752219999826465 ], [ -94.886933999942443, 33.769067000233967 ], [ -94.911427000838032, 33.778382999394381 ], [ -94.922353000018688, 33.793534999885338 ], [ -94.923288999265466, 33.808741999178054 ], [ -94.942217000784439, 33.805779999735563 ], [ -94.95351799998312, 33.816474999562224 ], [ -94.943888000361369, 33.830226000003563 ], [ -94.964400999258828, 33.837020999735763 ], [ -94.998019000606575, 33.860504000074556 ], [ -95.012213999698318, 33.858033999206555 ], [ -95.049024999788543, 33.864089999658219 ], [ -95.058460000668575, 33.886246000281858 ], [ -95.063458999591887, 33.914040000444729 ], [ -95.073966000438304, 33.915635999199758 ], [ -95.080101999428749, 33.885705999458885 ], [ -95.131641999470233, 33.91602699963245 ], [ -95.129572000436156, 33.936717999625124 ], [ -95.157145000756614, 33.936726999992949 ], [ -95.171641999175463, 33.946769000732807 ], [ -95.216683000948549, 33.962651999949507 ], [ -95.250885000640352, 33.936063000529444 ], [ -95.247629999680854, 33.914744000782079 ], [ -95.285531999629214, 33.903659000195958 ], [ -95.28072500055444, 33.875491000278949 ], [ -95.306396999117993, 33.874906000359253 ], [ -95.325535000311774, 33.885734000607819 ], [ -95.33770599934148, 33.874658999536656 ], [ -95.363209000730237, 33.866812000159243 ], [ -95.442745999459632, 33.866506000335889 ], [ -95.46333600024073, 33.872396000486688 ], [ -95.459728000813655, 33.886651999398914 ], [ -95.49203999969599, 33.874941999481003 ], [ -95.505775999155262, 33.876390999897566 ], [ -95.505343999708927, 33.89457400021378 ], [ -95.533797999277667, 33.881152999275386 ], [ -95.551215999754461, 33.889713000666674 ], [ -95.552799000099682, 33.924310999924636 ], [ -95.567392999424186, 33.933615999396402 ], [ -95.597522000062185, 33.942341999352401 ], [ -95.616366999925447, 33.927626000796963 ], [ -95.627318000106399, 33.907806000249217 ], [ -95.665478000193332, 33.909003999215315 ], [ -95.688876000413359, 33.888486000544958 ], [ -95.712182999281893, 33.885519000537172 ], [ -95.733183000735607, 33.896447000709429 ], [ -95.756612000403265, 33.892027999624084 ], [ -95.761519999464696, 33.873117999529008 ], [ -95.75141999918533, 33.860682999595134 ], [ -95.770239000433492, 33.845201999414229 ], [ -95.799879999865965, 33.861271000165246 ], [ -95.815723000521444, 33.859814999529682 ], [ -95.818992999918009, 33.842389000385616 ], [ -95.830405999098915, 33.834784999397009 ], [ -95.86718899920001, 33.851289999291055 ], [ -95.92478000071992, 33.884842999435563 ], [ -95.946029999412332, 33.859337999439134 ], [ -95.998350999737866, 33.85105000055168 ], [ -96.020623999497175, 33.840626999201518 ], [ -96.04883400094586, 33.836468000218161 ], [ -96.084626000934094, 33.84665599945135 ], [ -96.149226999190233, 33.837091000172109 ], [ -96.148791999278146, 33.819196999267099 ], [ -96.159821999308093, 33.811549999995613 ], [ -96.165198999841763, 33.78012999985372 ], [ -96.179846000791798, 33.759617999908599 ], [ -96.22052199929648, 33.747389999401634 ], [ -96.26379700069532, 33.767522000012875 ], [ -96.290359000484841, 33.77083099963302 ], [ -96.306078000816711, 33.74430700022085 ], [ -96.306364000435764, 33.723062000284337 ], [ -96.318758999645837, 33.69675300056538 ], [ -96.346858999633895, 33.686216000020409 ], [ -96.359373999139365, 33.689431999627274 ], [ -96.37084700061888, 33.717996000318998 ], [ -96.412921000712728, 33.756910999878322 ], [ -96.430216000709422, 33.778653999924956 ], [ -96.500984000522152, 33.77280099951745 ], [ -96.516581000612319, 33.788278999570736 ], [ -96.517421000295457, 33.805847000356877 ], [ -96.532651000993255, 33.82314299941504 ], [ -96.573151000874205, 33.819182000036477 ], [ -96.623147000371745, 33.841495999741149 ], [ -96.628897999086931, 33.852489000434048 ], [ -96.597347999539394, 33.875101000054357 ], [ -96.592170000648181, 33.895512999960076 ], [ -96.630117000736163, 33.895421999588642 ], [ -96.654983999159981, 33.913788999728126 ], [ -96.673449000760556, 33.912277999968829 ], [ -96.681494000699786, 33.894674999583053 ], [ -96.684726999903688, 33.862904999350334 ], [ -96.690707999158562, 33.849958999427329 ], [ -96.713734000687438, 33.831328000794095 ], [ -96.761586999146658, 33.82440700032835 ], [ -96.769376999554183, 33.827478000723737 ], [ -96.779588000187502, 33.857938999886073 ], [ -96.794276000740112, 33.86888599942683 ], [ -96.832157000224328, 33.87483499947303 ], [ -96.84159200078048, 33.852893999919615 ], [ -96.866437999896718, 33.853148999325548 ], [ -96.883009999110243, 33.868018999394266 ], [ -96.895727999042023, 33.896414000047336 ], [ -96.899442000659093, 33.933728000729673 ], [ -96.905253000361824, 33.947218999628696 ], [ -96.924267999383204, 33.959158999470979 ], [ -96.944610999503936, 33.949217000054809 ], [ -96.945125999169235, 33.846993000738514 ], [ -96.943341999173555, 33.622737000094951 ], [ -96.943860000670085, 33.416410000637747 ], [ -96.841098000688774, 33.41337700071518 ], [ -96.83411000024644, 33.405498000655172 ], [ -96.837992999565415, 33.256073000382706 ], [ -96.860880000723157, 33.247830000307012 ], [ -96.860540000741153, 33.229818999628471 ], [ -96.887157999377777, 33.219284999919907 ], [ -96.882223999666579, 33.163032999718659 ], [ -96.911849000067349, 33.154634000369398 ], [ -96.919989000273745, 33.130706000064741 ], [ -96.891531999218358, 33.120079000460358 ], [ -96.889393000415652, 33.103881999521612 ], [ -96.853386000612034, 33.106348000128122 ], [ -96.84186700059216, 33.085576000537515 ], [ -96.844122000863948, 32.987435000711457 ], [ -96.756464000528894, 32.98629800055096 ], [ -96.756857999482889, 33.000422000157926 ], [ -96.708001000185348, 33.004232999288014 ], [ -96.709435000626399, 33.069652000206602 ], [ -96.736755999842146, 33.071587000410481 ], [ -96.733305999280745, 33.091863000189292 ], [ -96.7328939990946, 33.188954999896886 ], [ -96.741579000024274, 33.181618999626458 ], [ -96.767898000577787, 33.182015999790593 ], [ -96.767406000468114, 33.21858799955767 ], [ -96.732823000170129, 33.218569999380584 ], [ -96.730331999966921, 33.26241599966788 ], [ -96.730173999969878, 33.334351999524401 ], [ -96.714657000642489, 33.334948000044911 ], [ -96.712857999633385, 33.352730000373768 ], [ -96.727038999356779, 33.402912000061235 ], [ -96.625264000310949, 33.400638999729217 ], [ -96.384602000784042, 33.39782600044628 ], [ -96.384495000907378, 33.341119000839974 ], [ -96.250256000402842, 33.357776000033589 ], [ -95.858722999791027, 33.409529999264727 ], [ -95.857737999763842, 33.461721999551436 ], [ -95.848947000679885, 33.457760000580087 ], [ -95.8197899994436, 33.464032999231264 ], [ -95.780028000157373, 33.490836999361719 ], [ -95.767482999824907, 33.494751000806211 ], [ -95.733530999195068, 33.486418000669445 ], [ -95.704395000199426, 33.486655999604544 ], [ -95.697237999931772, 33.476765000643567 ], [ -95.671634000750316, 33.472636000763949 ], [ -95.647944000660857, 33.483362999698947 ], [ -95.62102699959452, 33.487059999833207 ], [ -95.59295199916123, 33.480126000516307 ], [ -95.582012000936189, 33.469172000494197 ], [ -95.565835999164648, 33.477059999764052 ], [ -95.526956000104335, 33.445922999541395 ], [ -95.500903000617114, 33.443404000481927 ], [ -95.489214000818322, 33.45375700002009 ], [ -95.464600000237127, 33.433895000270766 ], [ -95.432837000297894, 33.427196999687958 ], [ -95.416898000526558, 33.412194000315004 ], [ -95.399751999354535, 33.409778000510407 ], [ -95.373215000232761, 33.39242399943948 ], [ -95.342532999943487, 33.388669000089365 ], [ -95.306639999975445, 33.378026999510354 ], [ -95.289306000296961, 33.377562999478556 ], [ -95.242250000266395, 33.367936000389101 ], [ -95.229650999006893, 33.375557000598846 ], [ -95.201066999819261, 33.380950000384402 ], [ -95.190699999256694, 33.374020999506939 ], [ -95.166701999817164, 33.384704000522859 ], [ -95.145603000419982, 33.382043999522502 ], [ -95.101674000060385, 33.396561000239039 ], [ -95.074208000079025, 33.385894000772531 ], [ -95.024765999043638, 33.383760999896758 ], [ -95.004728999467275, 33.395363000313537 ], [ -94.966459000317869, 33.387928999919495 ], [ -94.960699999710741, 33.39266999946458 ], [ -94.928212999108553, 33.383991999229956 ], [ -94.882043000667252, 33.396073999248571 ], [ -94.857586000066419, 33.376699999571237 ], [ -94.83924499986945, 33.385179000266852 ], [ -94.812709999724092, 33.375576999580737 ], [ -94.791043000661531, 33.355322000569018 ], [ -94.774655000801914, 33.318284999254168 ], [ -94.756241999158263, 33.317615000350784 ], [ -94.745195000822847, 33.329818999739516 ], [ -94.726220999713433, 33.30728999933654 ], [ -94.693762000679754, 33.311327999731624 ], [ -94.687214000915688, 33.293464000066045 ], [ -94.652720999256573, 33.275892999961684 ], [ -94.652260000037614, 33.26886099954271 ], [ -94.649101000069024, 33.258709999933032 ], [ -94.617167999610416, 33.247085999951466 ], [ -94.604084999134983, 33.257222000371371 ], [ -94.572463000306016, 33.249825999855496 ], [ -94.569516999092713, 33.263618999949664 ], [ -94.529953999438803, 33.267350000481393 ], [ -94.517867999903288, 33.282096000368263 ], [ -94.50019999925432, 33.28333599955652 ], [ -94.468441999539138, 33.294312999706058 ], [ -94.438477999031818, 33.281052000178917 ], [ -94.42891600062093, 33.28698300084173 ], [ -94.421355000388502, 33.31269699942812 ], [ -94.434904999088531, 33.35198099942302 ], [ -94.394958000563236, 33.356158000637159 ], [ -94.405835000875356, 33.392427999598624 ], [ -94.400448999519526, 33.407408999818841 ], [ -94.345578000694672, 33.407807999448551 ], [ -94.341752999266234, 33.400723000051833 ], [ -94.296610999975613, 33.398071999528121 ], [ -94.297228000120612, 33.377791000512495 ], [ -94.26328299935679, 33.377057000199216 ], [ -94.258455999859734, 33.394453999274226 ], [ -94.237511999509039, 33.394472000794828 ], [ -94.205825000195645, 33.404062999571323 ], [ -94.190695000956339, 33.423574999793459 ], [ -94.190816000261023, 33.455286000222493 ], [ -94.259042999282158, 33.46530800039347 ], [ -94.257546000850795, 33.582641999514927 ] ] ] } },
{ "type": "Feature", "properties": { "District": 5 }, "geometry": { "type": "Polygon", "coordinates": [ [ [ -95.594541000564917, 32.687026000090832 ], [ -95.607723999102902, 32.703818000706207 ], [ -95.648118999599845, 32.719256999206209 ], [ -95.659802999765176, 32.711401999880806 ], [ -95.691180999561809, 32.737275999468523 ], [ -95.710450999447147, 32.745579000732633 ], [ -95.762902000703292, 32.760238999952641 ], [ -95.762500000265078, 32.770600999998265 ], [ -95.794385000627784, 32.775779000713527 ], [ -95.807880999375399, 32.767940000568693 ], [ -95.847074999709108, 32.769588999185892 ], [ -95.877683999690404, 32.791247000747184 ], [ -95.916421000954472, 32.811308999366226 ], [ -95.934433000677771, 32.837217000380804 ], [ -96.076476999722829, 32.838480999361252 ], [ -96.297322000229755, 32.841722999815637 ], [ -96.297375999587828, 32.814185000048084 ], [ -96.518970000465842, 32.813615999375926 ], [ -96.517911999973919, 32.91723000014062 ], [ -96.538418000156184, 32.907778999817793 ], [ -96.704118999222416, 32.909001999518274 ], [ -96.740730000937234, 32.89312199983717 ], [ -96.762011000031066, 32.89841800049615 ], [ -96.779620000264387, 32.894995000167924 ], [ -96.769911999485274, 32.890305999688543 ], [ -96.770162000271029, 32.831361999775083 ], [ -96.743409000632283, 32.816187000653862 ], [ -96.722429999875843, 32.815558999682708 ], [ -96.724335999505655, 32.846915999561524 ], [ -96.712242000676468, 32.864128000182504 ], [ -96.68959100040874, 32.878813999844972 ], [ -96.646933000867079, 32.854284999838001 ], [ -96.635167000960521, 32.843646000042604 ], [ -96.658861000603522, 32.834525999229299 ], [ -96.658051999402517, 32.821395999888487 ], [ -96.673605000340601, 32.806878999599427 ], [ -96.673372999289853, 32.78757699953124 ], [ -96.644241000030959, 32.76325599950691 ], [ -96.639270000596198, 32.748585999511995 ], [ -96.601907000773224, 32.746687999461734 ], [ -96.599162999679876, 32.729702000789118 ], [ -96.575327999038407, 32.714022000484761 ], [ -96.555516000089639, 32.691875999409156 ], [ -96.591162000783171, 32.66741700072604 ], [ -96.582136999840429, 32.652356999481356 ], [ -96.622197999434704, 32.617726999308815 ], [ -96.589179000846173, 32.606295000134942 ], [ -96.580341999323878, 32.577038999613265 ], [ -96.561564000225616, 32.555571000020677 ], [ -96.529412000563582, 32.545277000618093 ], [ -96.504214999266239, 32.523630000118672 ], [ -96.511108999886446, 32.508776999394343 ], [ -96.510215000012792, 32.481926000732074 ], [ -96.493508999174182, 32.467041000337936 ], [ -96.493731000386177, 32.456271999742981 ], [ -96.477000999217637, 32.434077000380668 ], [ -96.449315000590758, 32.422102000271359 ], [ -96.435233000714334, 32.408986000707593 ], [ -96.434476999135157, 32.389204000155942 ], [ -96.45450000064605, 32.36105000053071 ], [ -96.450996999526978, 32.344409000801896 ], [ -96.40811799915933, 32.328501999175465 ], [ -96.390804999321759, 32.333860000182391 ], [ -96.367451999874234, 32.317870999988436 ], [ -96.330988000587837, 32.303480999368993 ], [ -96.296571999569636, 32.29815400055206 ], [ -96.28401299939452, 32.279224999389974 ], [ -96.284595000876465, 32.263643000652564 ], [ -96.273668000361496, 32.252616999363894 ], [ -96.23425100056329, 32.250399000651115 ], [ -96.18953599919881, 32.202315999904954 ], [ -96.159453000968369, 32.20520599937732 ], [ -96.155968999340317, 32.195592000238051 ], [ -96.176476999994193, 32.181378999325204 ], [ -96.166975000606428, 32.158672000321133 ], [ -96.145344999621727, 32.152814000761865 ], [ -96.11267499993447, 32.156783999383613 ], [ -96.10242099933761, 32.142269000500114 ], [ -96.114698999283121, 32.126486999645977 ], [ -96.117725999197177, 32.094631999699423 ], [ -96.099843999235233, 32.080759999523302 ], [ -96.066010000200805, 32.085811999784596 ], [ -96.066462000501474, 32.037757000068751 ], [ -96.054780000467034, 32.012526000464661 ], [ -96.049045000668727, 31.997244999459831 ], [ -96.064860000428141, 31.980947000209241 ], [ -96.052478000017857, 31.964028000690902 ], [ -96.054687999616604, 31.948224999174496 ], [ -96.037751000989928, 31.94839099923221 ], [ -96.00616999982887, 31.924291999699971 ], [ -96.019980999233155, 31.902885000417207 ], [ -96.027621999884673, 31.877875000299859 ], [ -96.004831000544513, 31.872639000373898 ], [ -95.987618999312602, 31.858783999258605 ], [ -95.9945429996109, 31.843359000631498 ], [ -95.977910000079561, 31.833240999663126 ], [ -95.973231999307217, 31.819135999288203 ], [ -95.983448999215227, 31.789978999692085 ], [ -95.963065999895662, 31.789425999705749 ], [ -95.953018999719163, 31.776283999220468 ], [ -95.924240999892149, 31.765850000529635 ], [ -95.89796500074948, 31.766963000744223 ], [ -95.875936999303036, 31.755503000734695 ], [ -95.867136999050146, 31.718189000066463 ], [ -95.880023000738063, 31.703519000033559 ], [ -95.872512000890197, 31.693008000228922 ], [ -95.835323999639826, 31.695596999568355 ], [ -95.810561000339618, 31.673461000464116 ], [ -95.795816000039181, 31.674774999584113 ], [ -95.789736999216231, 31.646212000704914 ], [ -95.795636000008585, 31.628929999889099 ], [ -95.787300000419151, 31.618385000552202 ], [ -95.767234000870943, 31.597581000469091 ], [ -95.748668999562938, 31.617709000182835 ], [ -95.7572679992942, 31.643548000273846 ], [ -95.735680999838692, 31.653822000687295 ], [ -95.710112000252664, 31.615587000577015 ], [ -95.721854999551283, 31.586280999374356 ], [ -95.718512000090257, 31.55365900004595 ], [ -95.751071999215185, 31.55196400021352 ], [ -95.756495000507911, 31.53105199965006 ], [ -95.737033999221651, 31.518533999975691 ], [ -95.739278999348983, 31.504056000469891 ], [ -95.647170999692165, 31.527013999389624 ], [ -95.651763999099558, 31.54179100014429 ], [ -95.458951999825075, 31.569326999226828 ], [ -95.273203000127694, 31.592886000657199 ], [ -95.25969400015137, 31.607809999961692 ], [ -95.264881999829001, 31.624269999763563 ], [ -95.281693000071527, 31.625390999394664 ], [ -95.286799999644046, 31.644719999617816 ], [ -95.275848999217303, 31.657228999504113 ], [ -95.289661000153458, 31.683997000276001 ], [ -95.32571399910681, 31.703738999471671 ], [ -95.337737000272654, 31.735522000154855 ], [ -95.366187000271495, 31.726753000704363 ], [ -95.381531999774381, 31.752999999726679 ], [ -95.395608000465245, 31.763386999495467 ], [ -95.395352999685372, 31.792764000244453 ], [ -95.400604000062188, 31.813339999473868 ], [ -95.414725000860642, 31.835630000345652 ], [ -95.44602399917288, 31.847986999991178 ], [ -95.431267999676422, 31.883418999909566 ], [ -95.437532999326564, 31.901518999773927 ], [ -95.422734999091531, 31.924822999774257 ], [ -95.445587999144522, 31.945858000610709 ], [ -95.453519000725535, 31.959876000405689 ], [ -95.446146000148644, 31.999423000661317 ], [ -95.424105999275213, 32.018892999780384 ], [ -95.438220999617442, 32.035611999545694 ], [ -95.43792999971707, 32.068259000142042 ], [ -95.424107000497273, 32.08389200076514 ], [ -95.456843000813464, 32.112306999740483 ], [ -95.45990800082042, 32.135558999449998 ], [ -95.479776000048801, 32.151152999720956 ], [ -95.463249000897804, 32.194409000647127 ], [ -95.470146999455963, 32.212085999367751 ], [ -95.488000000840785, 32.235484000782144 ], [ -95.467584000463049, 32.246630000252026 ], [ -95.469948999860648, 32.262124000536396 ], [ -95.457268000457972, 32.2731110005967 ], [ -95.451043000294959, 32.294051999203916 ], [ -95.457825000591612, 32.327928999617434 ], [ -95.449099000294652, 32.35945999949891 ], [ -95.471345999571895, 32.369523000771352 ], [ -95.493797000209526, 32.389640000400249 ], [ -95.501641999934279, 32.409238999214338 ], [ -95.534739999460299, 32.43226600027247 ], [ -95.552318000598817, 32.449539999862516 ], [ -95.594300000902862, 32.479858000102794 ], [ -95.594541000564917, 32.687026000090832 ] ] ] } },
{ "type": "Feature", "properties": { "District": 6 }, "geometry": { "type": "Polygon", "coordinates": [ [ [ -96.529412000563582, 32.545277000618093 ], [ -96.956008000928932, 32.547778000352075 ], [ -97.077910000796834, 32.549150999882016 ], [ -97.084691000886636, 32.564856999962842 ], [ -97.080183000814259, 32.580822999668094 ], [ -97.105819000893334, 32.613351000087476 ], [ -97.116415999116654, 32.608226999366934 ], [ -97.140993999376548, 32.611470999404787 ], [ -97.13361199944336, 32.643703999321389 ], [ -97.135265999533473, 32.677058000394055 ], [ -97.123335999657442, 32.708916000308641 ], [ -97.123325999639206, 32.721213000046518 ], [ -97.080297999624847, 32.720899999351268 ], [ -97.080209999959521, 32.735250000030717 ], [ -97.035526000004808, 32.739255000535394 ], [ -97.03517100018523, 32.759693000636872 ], [ -96.990104000063042, 32.758705000680138 ], [ -96.927553000408196, 32.765360000072015 ], [ -96.901537000805476, 32.800668000216611 ], [ -96.905250999973546, 32.816873999708946 ], [ -96.889968000972615, 32.831231999532534 ], [ -96.889665999819471, 32.844122000455982 ], [ -96.92243500046979, 32.860714000468896 ], [ -96.931073000816539, 32.873728000458399 ], [ -96.962606999163086, 32.890462000128032 ], [ -96.99151500085226, 32.902728000699391 ], [ -96.991496999899709, 32.878926000712397 ], [ -97.0044290006322, 32.877921000654176 ], [ -97.033840000301396, 32.838531999721667 ], [ -97.034933999957076, 32.779929000031721 ], [ -97.062743000799699, 32.779029000655335 ], [ -97.062735999727252, 32.748955999965943 ], [ -97.098474000588794, 32.738788000823995 ], [ -97.198790000215311, 32.727744999396712 ], [ -97.203571999852983, 32.711937999260208 ], [ -97.200155999935518, 32.689672999428105 ], [ -97.218305000668636, 32.684644000172035 ], [ -97.217172999948644, 32.669449000712824 ], [ -97.238559000831685, 32.667425000749908 ], [ -97.247987000193675, 32.645804999234855 ], [ -97.24284399978545, 32.631801999626724 ], [ -97.256737999275131, 32.621419999831062 ], [ -97.264932000401373, 32.603218000112868 ], [ -97.292781000145936, 32.597346999783134 ], [ -97.290621999456761, 32.57459299991676 ], [ -97.301311000242748, 32.560633000201619 ], [ -97.319489000303051, 32.552690000395891 ], [ -97.374358000839962, 32.49010500008422 ], [ -97.383989999289014, 32.471053999465973 ], [ -97.384157000756758, 32.437241000361425 ], [ -97.371094000647744, 32.403388000650224 ], [ -97.373677999754591, 32.381662999498573 ], [ -97.386550999916523, 32.380936999270084 ], [ -97.380812999299224, 32.345674000458892 ], [ -97.383959999349912, 32.337587000680806 ], [ -97.355846000435221, 32.345381000321787 ], [ -97.315737999063529, 32.336646999413311 ], [ -97.235242000255624, 32.296225000515477 ], [ -97.216521999602904, 32.269379999268686 ], [ -97.201201999307216, 32.277026000730174 ], [ -97.182553000514432, 32.257786999957958 ], [ -97.182242000345809, 32.245815000720988 ], [ -97.08611700039468, 32.265470999437213 ], [ -97.000279000949433, 32.138715999976057 ], [ -96.940656000229794, 32.052086999256424 ], [ -96.89620900090317, 32.073977000175319 ], [ -96.843664000417363, 31.99594900079536 ], [ -96.719114000605529, 31.814886999846191 ], [ -96.496713000508123, 31.796191000475424 ], [ -96.335699000346622, 31.875964999710025 ], [ -96.054780000467034, 32.012526000464661 ], [ -96.066462000501474, 32.037757000068751 ], [ -96.066010000200805, 32.085811999784596 ], [ -96.099843999235233, 32.080759999523302 ], [ -96.117725999197177, 32.094631999699423 ], [ -96.114698999283121, 32.126486999645977 ], [ -96.10242099933761, 32.142269000500114 ], [ -96.11267499993447, 32.156783999383613 ], [ -96.145344999621727, 32.152814000761865 ], [ -96.166975000606428, 32.158672000321133 ], [ -96.176476999994193, 32.181378999325204 ], [ -96.155968999340317, 32.195592000238051 ], [ -96.159453000968369, 32.20520599937732 ], [ -96.18953599919881, 32.202315999904954 ], [ -96.23425100056329, 32.250399000651115 ], [ -96.273668000361496, 32.252616999363894 ], [ -96.284595000876465, 32.263643000652564 ], [ -96.28401299939452, 32.279224999389974 ], [ -96.296571999569636, 32.29815400055206 ], [ -96.330988000587837, 32.303480999368993 ], [ -96.367451999874234, 32.317870999988436 ], [ -96.390804999321759, 32.333860000182391 ], [ -96.40811799915933, 32.328501999175465 ], [ -96.450996999526978, 32.344409000801896 ], [ -96.45450000064605, 32.36105000053071 ], [ -96.434476999135157, 32.389204000155942 ], [ -96.435233000714334, 32.408986000707593 ], [ -96.449315000590758, 32.422102000271359 ], [ -96.477000999217637, 32.434077000380668 ], [ -96.493731000386177, 32.456271999742981 ], [ -96.493508999174182, 32.467041000337936 ], [ -96.510215000012792, 32.481926000732074 ], [ -96.511108999886446, 32.508776999394343 ], [ -96.504214999266239, 32.523630000118672 ], [ -96.529412000563582, 32.545277000618093 ] ] ] } },
{ "type": "Feature", "properties": { "District": 7 }, "geometry": { "type": "Polygon", "coordinates": [ [ [ -95.687082000917371, 29.710077999517459 ], [ -95.691003000593767, 29.707410000054626 ], [ -95.7754699996499, 29.700571999311034 ], [ -95.765360999355551, 29.680932999186375 ], [ -95.744392000606183, 29.664557000302079 ], [ -95.714987999591699, 29.665052000774391 ], [ -95.709090999238668, 29.649348000753619 ], [ -95.68206199937606, 29.645725000411531 ], [ -95.674361999279341, 29.633493000705585 ], [ -95.683770999755581, 29.616535000344356 ], [ -95.714174999178013, 29.626308999791686 ], [ -95.71758500032594, 29.571619000373111 ], [ -95.737652999422579, 29.542231999552435 ], [ -95.702657999819436, 29.537601999489056 ], [ -95.690357000857333, 29.561588999595347 ], [ -95.673422999139362, 29.565283000608815 ], [ -95.64721999964145, 29.561400999875016 ], [ -95.640264000958524, 29.577416999295643 ], [ -95.639821999569222, 29.606867999541731 ], [ -95.649937999631902, 29.615824999397915 ], [ -95.651523999246507, 29.644393999199949 ], [ -95.639234999121399, 29.644477000066455 ], [ -95.639872999995077, 29.671141999286064 ], [ -95.62300000022411, 29.662200999194187 ], [ -95.597057000755427, 29.66060100032842 ], [ -95.582702000661385, 29.653951999304812 ], [ -95.568629999078894, 29.674132000551229 ], [ -95.496314999664435, 29.678454999645137 ], [ -95.487064999378589, 29.675282999292975 ], [ -95.456356000616992, 29.681174000360645 ], [ -95.442776999388045, 29.690582000646895 ], [ -95.412125999329334, 29.697311999642242 ], [ -95.379979000159281, 29.737953000178333 ], [ -95.385729999510644, 29.761680999634031 ], [ -95.367855000946633, 29.764464999402669 ], [ -95.353002999697608, 29.778343000665366 ], [ -95.353323000172196, 29.799998999721652 ], [ -95.371876999714317, 29.798132999437321 ], [ -95.375283999332311, 29.813209000392703 ], [ -95.430445999644405, 29.812623000243317 ], [ -95.451262999158374, 29.795012000546432 ], [ -95.448243000469773, 29.768571000394175 ], [ -95.410726999398989, 29.754556000446314 ], [ -95.410643000225051, 29.744668999335335 ], [ -95.448158999152412, 29.741630000313833 ], [ -95.456638000854412, 29.747481999633433 ], [ -95.486033999694783, 29.749938000000729 ], [ -95.50090499993388, 29.737538000542227 ], [ -95.528594000586779, 29.745925999631901 ], [ -95.538871000490232, 29.737117000711372 ], [ -95.557716999245031, 29.736857000791648 ], [ -95.605838999647162, 29.736178000770696 ], [ -95.604694999589256, 29.713985000512682 ], [ -95.614327999672739, 29.688507999402503 ], [ -95.649978999786541, 29.689580000118614 ], [ -95.687082000917371, 29.710077999517459 ] ] ] } },
{ "type": "Feature", "properties": { "District": 8 }, "geometry": { "type": "Polygon", "coordinates": [ [ [ -95.225580999318112, 30.319534000555795 ], [ -95.217983999850773, 30.356241999860686 ], [ -95.235546000077363, 30.378628000572043 ], [ -95.268488000772706, 30.386368000704426 ], [ -95.308395000511723, 30.405749999677028 ], [ -95.329527999864709, 30.433193000203552 ], [ -95.341396000963783, 30.464514999540135 ], [ -95.350705000355205, 30.476056999572005 ], [ -95.359156000337379, 30.504369000689351 ], [ -95.346470000519687, 30.625196999503039 ], [ -95.338624999227008, 30.737826000747113 ], [ -95.402648999575135, 30.727953000747181 ], [ -95.425048999903822, 30.709831000025741 ], [ -95.44712599929565, 30.706331999370313 ], [ -95.453772999599934, 30.720962999480452 ], [ -95.4684140005714, 30.727413999382374 ], [ -95.481249999324547, 30.767103999325272 ], [ -95.478910999082927, 30.784000000331361 ], [ -95.491065999854371, 30.790360999225467 ], [ -95.535839000875129, 30.765665999243048 ], [ -95.553930999335577, 30.763562000759524 ], [ -95.54878900069167, 30.74415300057051 ], [ -95.552886999272687, 30.723792000022357 ], [ -95.547684999418706, 30.690732999830843 ], [ -95.518350999638344, 30.673581000771808 ], [ -95.510516999729106, 30.657604000520447 ], [ -95.505224000299791, 30.597950999633746 ], [ -95.547353999850259, 30.587976999271714 ], [ -95.583892999516067, 30.584310999940325 ], [ -95.614540000272058, 30.58897600044234 ], [ -95.624251999084635, 30.567946999401361 ], [ -95.634704999527017, 30.564532999305182 ], [ -95.65702100083702, 30.539653000773459 ], [ -95.830240000155001, 30.630283999543863 ], [ -95.81747800085698, 30.500218000230674 ], [ -95.804351000875215, 30.337799999512878 ], [ -95.804305999258062, 30.245570000413807 ], [ -95.923283000801803, 30.237283999424626 ], [ -95.953772999683252, 30.236964000160576 ], [ -96.088941000330081, 30.2287180003215 ], [ -96.09316500069832, 30.225187000408809 ], [ -96.098935999239643, 30.214525000004574 ], [ -96.118017999318482, 30.224212000484414 ], [ -96.128228000640689, 30.211605000000372 ], [ -96.145074999825013, 30.218566000389522 ], [ -96.159009999705077, 30.206612999265122 ], [ -96.154562000889783, 30.177124000729666 ], [ -96.160031000388969, 30.161828999802996 ], [ -96.180661999850514, 30.155683999329618 ], [ -96.191417999438457, 30.134669000575308 ], [ -96.158420999185466, 30.091709000668832 ], [ -96.133780000176287, 30.070960000279001 ], [ -96.140629000725141, 30.058225000112547 ], [ -96.117213999759258, 30.050126000282589 ], [ -96.094709999818903, 30.025383999650604 ], [ -96.084541000926407, 30.005137000090162 ], [ -96.104516000477844, 29.996378000370822 ], [ -96.09570300037079, 29.978138999740111 ], [ -96.107691999481034, 29.959324999925318 ], [ -96.131649999968644, 29.937503999829481 ], [ -96.113170000445876, 29.914356000369729 ], [ -96.126267000749806, 29.898850000626293 ], [ -96.095808000445331, 29.876676000696385 ], [ -96.112227000843831, 29.872557000404029 ], [ -96.104515000898843, 29.850460000636939 ], [ -96.121313000709677, 29.841962999297394 ], [ -96.102495999091559, 29.809665000378207 ], [ -96.048911999666331, 29.803008000272335 ], [ -96.043009000698405, 29.779129000107844 ], [ -96.029596000330329, 29.754665999219757 ], [ -96.039843999378263, 29.737451999925124 ], [ -96.032711000177898, 29.727944000180436 ], [ -95.970939999578036, 29.728553999709529 ], [ -95.971286999132531, 29.740454000622215 ], [ -95.950930999201958, 29.74076900024836 ], [ -95.825975000007531, 29.788616000245298 ], [ -95.85675300017823, 29.874248999821436 ], [ -95.773835000504675, 29.87515499944671 ], [ -95.773658999428505, 29.860669999675892 ], [ -95.757071000888828, 29.860789000488538 ], [ -95.752458000485973, 29.831839000381752 ], [ -95.739418999977474, 29.817367000089728 ], [ -95.70376499981019, 29.815055000620823 ], [ -95.718966999726206, 29.800884000224166 ], [ -95.718929999495998, 29.784912999667256 ], [ -95.66027799929131, 29.784477999664606 ], [ -95.646652000574107, 29.779263000062585 ], [ -95.646586000150947, 29.747289999340115 ], [ -95.658737000925328, 29.729109000177587 ], [ -95.687082000917371, 29.710077999517459 ], [ -95.649978999786541, 29.689580000118614 ], [ -95.614327999672739, 29.688507999402503 ], [ -95.604694999589256, 29.713985000512682 ], [ -95.605838999647162, 29.736178000770696 ], [ -95.557716999245031, 29.736857000791648 ], [ -95.558095000416529, 29.76086700053348 ], [ -95.578395999349794, 29.767021000298126 ], [ -95.585676000213923, 29.749214999435434 ], [ -95.60412499941971, 29.744487999434416 ], [ -95.606190999538455, 29.761887000766411 ], [ -95.621325999751804, 29.771377000467254 ], [ -95.617662000132839, 29.787480000519565 ], [ -95.633026999666669, 29.794430999280323 ], [ -95.63420499972618, 29.8075639994467 ], [ -95.618350999059729, 29.853797000165379 ], [ -95.633022999603213, 29.879316000703287 ], [ -95.651985999802179, 29.887481000097555 ], [ -95.683391999487213, 29.890575999215088 ], [ -95.686000999122697, 29.908524000615731 ], [ -95.717543000951252, 29.904287999381314 ], [ -95.73236599956897, 29.912099999594854 ], [ -95.76148099984961, 29.911656999664512 ], [ -95.769566000546249, 29.961122999686467 ], [ -95.808336000333099, 29.950123999348204 ], [ -95.809356000546529, 29.995595000683277 ], [ -95.815132000031781, 29.996218000770213 ], [ -95.815754999902424, 30.069552000345723 ], [ -95.813219000927205, 30.084431999337546 ], [ -95.800284000793326, 30.091289000467917 ], [ -95.771412000686652, 30.087756000017741 ], [ -95.748577999338963, 30.095846000680421 ], [ -95.733942999099526, 30.093538999616065 ], [ -95.683652000838421, 30.107331000705628 ], [ -95.669017000501341, 30.101442999516177 ], [ -95.62322999995456, 30.135739000581193 ], [ -95.596756999848523, 30.134460000261885 ], [ -95.6008870006644, 30.174417999866922 ], [ -95.58882899954034, 30.194897999867049 ], [ -95.568155999775783, 30.214331999713771 ], [ -95.567541000072055, 30.236327999565102 ], [ -95.579033999407997, 30.25361399988422 ], [ -95.558569999940559, 30.255650000053471 ], [ -95.505569000342234, 30.272837000542459 ], [ -95.467941999853224, 30.247167000057626 ], [ -95.453143000078867, 30.248529999890771 ], [ -95.406346000549163, 30.215080000803219 ], [ -95.357838000131864, 30.212957000287986 ], [ -95.361163000677152, 30.228875999575418 ], [ -95.298857999393817, 30.232107000090849 ], [ -95.312215000494277, 30.257104999509053 ], [ -95.291628999181654, 30.259812999720861 ], [ -95.2680940002288, 30.254170000207246 ], [ -95.238947999252417, 30.259655999800671 ], [ -95.22721600041676, 30.285425999568695 ], [ -95.225580999318112, 30.319534000555795 ] ] ] } },
{ "type": "Feature", "properties": { "District": 9 }, "geometry": { "type": "Polygon", "coordinates": [ [ [ -95.199382000284004, 29.92456500020435 ], [ -95.201393999579764, 29.888186000178468 ], [ -95.186882999217815, 29.86978099985452 ], [ -95.185166000770025, 29.843708999274259 ], [ -95.28013999982069, 29.802473000130529 ], [ -95.269335000505492, 29.794557999199338 ], [ -95.256056000582987, 29.768179000359943 ], [ -95.253595999453069, 29.733438999834465 ], [ -95.281118999797229, 29.74855999982746 ], [ -95.278255999815627, 29.76639000038745 ], [ -95.288376000878245, 29.788207000061512 ], [ -95.311902999923689, 29.787420000088972 ], [ -95.312522999897411, 29.765336000090709 ], [ -95.302907999551934, 29.753949999451638 ], [ -95.332544999301149, 29.71863799923236 ], [ -95.32167200006684, 29.677744999803352 ], [ -95.293263999256823, 29.6804840000312 ], [ -95.289082000557912, 29.674023999421287 ], [ -95.272538000722662, 29.680410000132749 ], [ -95.244578999669088, 29.642029000386028 ], [ -95.229056999191272, 29.627705000636581 ], [ -95.211024000887633, 29.6369810001475 ], [ -95.198008000352559, 29.622999999370549 ], [ -95.182332000120468, 29.63034100066438 ], [ -95.115883000485084, 29.633591999793882 ], [ -95.109854999762518, 29.650814999795493 ], [ -95.030060999874252, 29.652328999674715 ], [ -95.030457999273892, 29.68979599990665 ], [ -95.000924999652071, 29.713977999246413 ], [ -94.962670000318425, 29.721141000464097 ], [ -94.957047999182805, 29.748659999301665 ], [ -94.9392220009548, 29.779325999266486 ], [ -94.916883999106801, 29.803298000426899 ], [ -94.908653999681803, 29.82518100030703 ], [ -94.934598999427138, 29.834292000411679 ], [ -94.953090000702019, 29.855303000496715 ], [ -94.977043999457479, 29.868060000077683 ], [ -94.981459999522613, 29.884275999434763 ], [ -94.500191000026703, 29.889940000372075 ], [ -94.442235000327656, 29.889537999575463 ], [ -94.444910000417011, 30.113014999959784 ], [ -94.596338000762444, 30.112100999875167 ], [ -94.732732000856856, 30.490066000297933 ], [ -94.842621000384227, 30.487457999218115 ], [ -95.006644999936711, 30.413998000565869 ], [ -95.165897000456596, 30.344976000280223 ], [ -95.097823000785866, 30.170615999634961 ], [ -95.056844000670935, 30.060979999684953 ], [ -95.095715000364081, 30.057313000174624 ], [ -95.109902999265671, 29.988204000709075 ], [ -95.129285000533343, 29.977871999933221 ], [ -95.183947999056599, 29.924645000467699 ], [ -95.199382000284004, 29.92456500020435 ] ] ] } },
{ "type": "Feature", "properties": { "District": 10 }, "geometry": { "type": "Polygon", "coordinates": [ [ [ -95.273203000127694, 31.592886000657199 ], [ -95.458951999825075, 31.569326999226828 ], [ -95.651763999099558, 31.54179100014429 ], [ -95.647170999692165, 31.527013999389624 ], [ -95.739278999348983, 31.504056000469891 ], [ -95.737033999221651, 31.518533999975691 ], [ -95.756495000507911, 31.53105199965006 ], [ -95.751071999215185, 31.55196400021352 ], [ -95.718512000090257, 31.55365900004595 ], [ -95.721854999551283, 31.586280999374356 ], [ -95.710112000252664, 31.615587000577015 ], [ -95.735680999838692, 31.653822000687295 ], [ -95.7572679992942, 31.643548000273846 ], [ -95.748668999562938, 31.617709000182835 ], [ -95.767234000870943, 31.597581000469091 ], [ -95.787300000419151, 31.618385000552202 ], [ -96.000119999094281, 31.521953000398714 ], [ -96.32017499921038, 31.375176000140737 ], [ -96.314945999569503, 31.342855999262792 ], [ -96.324912000372478, 31.309096999543605 ], [ -96.327630000680358, 31.284876000746102 ], [ -96.313916000464886, 31.271180999895513 ], [ -96.32202799995585, 31.256885999410329 ], [ -96.310432000183695, 31.217201000680099 ], [ -96.311746000572938, 31.198121000321304 ], [ -96.299361000530268, 31.184211000740362 ], [ -96.299187000194891, 31.148016000460125 ], [ -96.276991000717118, 31.11627999935909 ], [ -96.280201000683746, 31.094243999641563 ], [ -96.26893600027168, 31.077681000506654 ], [ -96.241844000313733, 31.05677799953337 ], [ -96.260779000602142, 31.008444999591642 ], [ -96.238286000770245, 30.997722000393569 ], [ -96.242093999143805, 30.975833999333265 ], [ -96.33800100073924, 30.92053100054984 ], [ -96.361820000352111, 30.896873999419949 ], [ -96.365641999144387, 30.884547000480786 ], [ -96.387408000517922, 30.864012000506499 ], [ -96.410142999674648, 30.825844000393939 ], [ -96.423395000172434, 30.792710000806267 ], [ -96.457630000425397, 30.744473999718398 ], [ -96.565529999867536, 30.696272000560111 ], [ -96.596976999661464, 30.7174520000308 ], [ -96.599466999953634, 30.728633999286959 ], [ -96.621400000099172, 30.730719999437355 ], [ -96.965009999633224, 30.556499999920192 ], [ -97.15521900036677, 30.457344000317629 ], [ -97.334462999492118, 30.402843000250613 ], [ -97.38339000053756, 30.424149999812474 ], [ -97.391505000511927, 30.436858000596718 ], [ -97.415251999222818, 30.438337000229499 ], [ -97.434113000098861, 30.459719000280089 ], [ -97.466916999595583, 30.465190000433754 ], [ -97.490011999449422, 30.460367999485367 ], [ -97.502338999255073, 30.441721999769314 ], [ -97.522961000333993, 30.440887999248922 ], [ -97.54608500009563, 30.400911000094354 ], [ -97.575874000736022, 30.416887999912969 ], [ -97.589804999386914, 30.395465000067784 ], [ -97.601584000115551, 30.408377000098113 ], [ -97.639049999716093, 30.429562000044388 ], [ -97.666922999398977, 30.441109000349414 ], [ -97.678500000357346, 30.434812000296564 ], [ -97.699099999385695, 30.451957999894553 ], [ -97.723978999090093, 30.449506999755211 ], [ -97.754522999928724, 30.43928199983344 ], [ -97.783337000381422, 30.419912999378699 ], [ -97.812771999888952, 30.419005999178797 ], [ -97.843417000532483, 30.42653400040972 ], [ -97.865049000596713, 30.463845000322689 ], [ -97.900417000516754, 30.48105799938287 ], [ -97.885563000164666, 30.511463999416979 ], [ -97.896916000065133, 30.519683000044544 ], [ -97.902535000820947, 30.540084999636044 ], [ -97.925499000438904, 30.553570999371896 ], [ -97.947526000530644, 30.548158000234601 ], [ -97.978056000707809, 30.533854000322272 ], [ -97.979898000119888, 30.510465999800665 ], [ -98.012287999111209, 30.502221000156535 ], [ -98.02986799977792, 30.505873000640975 ], [ -98.053253000216699, 30.52288200006905 ], [ -98.072164999605533, 30.519213000613824 ], [ -98.101262000918354, 30.52848500051914 ], [ -98.123419999173734, 30.486481999693556 ], [ -98.097778000191767, 30.498058000227402 ], [ -98.097709000531424, 30.467625999564596 ], [ -98.125555999349857, 30.426185999425183 ], [ -98.172976999310634, 30.356312000775194 ], [ -97.969337000232045, 30.210672000541255 ], [ -97.954972000254088, 30.222570999665994 ], [ -97.90981400010125, 30.234950999263816 ], [ -97.894259000200549, 30.24989100046308 ], [ -97.860052000384087, 30.235596000043145 ], [ -97.85299200036377, 30.249643999793335 ], [ -97.82368200019242, 30.236873000322856 ], [ -97.806479999265449, 30.244892999369778 ], [ -97.798614000405024, 30.257339000245477 ], [ -97.774334000228535, 30.270443000220091 ], [ -97.758219000040441, 30.29885800078328 ], [ -97.775883999416706, 30.313606000297593 ], [ -97.787031000624211, 30.343229000512263 ], [ -97.796826000032439, 30.349986000588661 ], [ -97.788122000792953, 30.369781000235736 ], [ -97.771414999855864, 30.382759999219815 ], [ -97.760181000880294, 30.400709000816878 ], [ -97.729211000913168, 30.412078999502796 ], [ -97.728930000412063, 30.432440999500258 ], [ -97.702803000591913, 30.426111000691677 ], [ -97.698780999837481, 30.440509000781137 ], [ -97.659020000287853, 30.41857000065523 ], [ -97.639257999610294, 30.404095000189486 ], [ -97.648687000904502, 30.386913999562463 ], [ -97.62180900002852, 30.370614999838729 ], [ -97.609177999585441, 30.378525999767671 ], [ -97.582620999878174, 30.369609000462972 ], [ -97.563922999854455, 30.371565000399528 ], [ -97.553442000590536, 30.387441999553189 ], [ -97.52911900048376, 30.375769000310811 ], [ -97.513031000215847, 30.408880999942362 ], [ -97.449448000660496, 30.376685999384659 ], [ -97.434440000800549, 30.390803999907792 ], [ -97.398218000047876, 30.373965999601872 ], [ -97.3837960001743, 30.3602569996897 ], [ -97.358012999397559, 30.353444999763827 ], [ -97.306432000554395, 30.369362999507821 ], [ -97.25170699929717, 30.362848000443314 ], [ -97.199578000572615, 30.337832999679847 ], [ -97.081834000200359, 30.259357000147897 ], [ -97.019162999385657, 30.031999999540076 ], [ -96.84585700030965, 30.116027000283196 ], [ -96.794552000442337, 30.160545000291364 ], [ -96.741464000764495, 30.197567000627117 ], [ -96.743620000948582, 30.218134999742677 ], [ -96.731645000560306, 30.243885999665988 ], [ -96.706436999601408, 30.245331000560732 ], [ -96.684233999747832, 30.257949000559176 ], [ -96.657894999714429, 30.287777000458686 ], [ -96.630425000114116, 30.300429000705513 ], [ -96.605990000714272, 30.30211899933747 ], [ -96.568193999406645, 30.313594000733026 ], [ -96.556567999441938, 30.322305999538127 ], [ -96.540906999369128, 30.317985000014904 ], [ -96.512798999512597, 30.325988999319502 ], [ -96.496041000042155, 30.324357999571685 ], [ -96.456611999160231, 30.340624000007971 ], [ -96.422745000593451, 30.343372000699198 ], [ -96.360510999612046, 30.367844000419801 ], [ -96.340484999620415, 30.367924999679612 ], [ -96.312795000354043, 30.384300000561979 ], [ -96.285753000138968, 30.364689000346679 ], [ -96.235086000491251, 30.369720000207568 ], [ -96.19954400031358, 30.382909999967442 ], [ -96.193250000327808, 30.399645000233274 ], [ -96.158437999711268, 30.37836800069638 ], [ -96.152629999152438, 30.350310999544917 ], [ -96.160202999872411, 30.338486999708948 ], [ -96.149386000942769, 30.325186999720632 ], [ -96.10004600014156, 30.296689999515742 ], [ -96.091737000317181, 30.278012999851803 ], [ -96.099120000860054, 30.255173999493135 ], [ -96.084578000538883, 30.25125300019182 ], [ -96.105379000112777, 30.232870000771605 ], [ -96.09316500069832, 30.225187000408809 ], [ -96.088941000330081, 30.2287180003215 ], [ -95.953772999683252, 30.236964000160576 ], [ -95.923283000801803, 30.237283999424626 ], [ -95.804305999258062, 30.245570000413807 ], [ -95.804351000875215, 30.337799999512878 ], [ -95.81747800085698, 30.500218000230674 ], [ -95.830240000155001, 30.630283999543863 ], [ -95.65702100083702, 30.539653000773459 ], [ -95.634704999527017, 30.564532999305182 ], [ -95.624251999084635, 30.567946999401361 ], [ -95.614540000272058, 30.58897600044234 ], [ -95.583892999516067, 30.584310999940325 ], [ -95.547353999850259, 30.587976999271714 ], [ -95.505224000299791, 30.597950999633746 ], [ -95.510516999729106, 30.657604000520447 ], [ -95.518350999638344, 30.673581000771808 ], [ -95.547684999418706, 30.690732999830843 ], [ -95.552886999272687, 30.723792000022357 ], [ -95.54878900069167, 30.74415300057051 ], [ -95.553930999335577, 30.763562000759524 ], [ -95.535839000875129, 30.765665999243048 ], [ -95.491065999854371, 30.790360999225467 ], [ -95.478910999082927, 30.784000000331361 ], [ -95.481249999324547, 30.767103999325272 ], [ -95.4684140005714, 30.727413999382374 ], [ -95.453772999599934, 30.720962999480452 ], [ -95.44712599929565, 30.706331999370313 ], [ -95.425048999903822, 30.709831000025741 ], [ -95.402648999575135, 30.727953000747181 ], [ -95.338624999227008, 30.737826000747113 ], [ -95.346470000519687, 30.625196999503039 ], [ -95.359156000337379, 30.504369000689351 ], [ -95.350705000355205, 30.476056999572005 ], [ -95.341396000963783, 30.464514999540135 ], [ -95.329527999864709, 30.433193000203552 ], [ -95.308395000511723, 30.405749999677028 ], [ -95.268488000772706, 30.386368000704426 ], [ -95.235546000077363, 30.378628000572043 ], [ -95.217983999850773, 30.356241999860686 ], [ -95.225580999318112, 30.319534000555795 ], [ -95.165897000456596, 30.344976000280223 ], [ -95.006644999936711, 30.413998000565869 ], [ -94.842621000384227, 30.487457999218115 ], [ -94.732732000856856, 30.490066000297933 ], [ -94.537925999772682, 30.491058999792056 ], [ -94.542039000298715, 30.511349000503444 ], [ -94.601913000784322, 30.76898899949483 ], [ -94.657992000081265, 31.012006999825747 ], [ -94.562898000116988, 31.058463000155967 ], [ -94.589487999191604, 31.066087000766906 ], [ -94.622274999733548, 31.087303999839154 ], [ -94.657400999805986, 31.085241000560718 ], [ -94.679274000833672, 31.096035999575523 ], [ -94.698351000367239, 31.096245999195563 ], [ -94.718617999180566, 31.106993999742102 ], [ -94.752697000919341, 31.106447999342247 ], [ -94.769482999913521, 31.117159999470655 ], [ -94.852208000072551, 31.148022000169664 ], [ -94.850074000606028, 31.178553000317304 ], [ -94.866303999312834, 31.209734000013849 ], [ -94.861046000670015, 31.218195999768835 ], [ -94.874546000288987, 31.249647000507395 ], [ -94.897678000259447, 31.258011000771958 ], [ -94.878376000687851, 31.288352000666261 ], [ -94.894597000377146, 31.299279000320396 ], [ -94.899016999396395, 31.326972000458774 ], [ -94.908339000454276, 31.33328700038409 ], [ -94.961417000115233, 31.349160000280239 ], [ -94.953557000941686, 31.384699999628985 ], [ -94.96625399906452, 31.391205000383117 ], [ -94.984752999557216, 31.413849999582126 ], [ -95.003345000631569, 31.42570999990448 ], [ -95.024475000278841, 31.442692999943759 ], [ -95.051678000100708, 31.453057000227364 ], [ -95.06034800045073, 31.467909999944883 ], [ -95.100117999247715, 31.469035999534132 ], [ -95.109740999961943, 31.488853000725477 ], [ -95.09456300047367, 31.504084999647347 ], [ -95.099966000278357, 31.518869000318976 ], [ -95.125337999438088, 31.537248000023911 ], [ -95.143444999946027, 31.539641000524451 ], [ -95.149197999875526, 31.56880700015358 ], [ -95.176358999807988, 31.584825999237577 ], [ -95.197239999364911, 31.572963000294401 ], [ -95.256415000264838, 31.576159000148859 ], [ -95.273203000127694, 31.592886000657199 ] ] ] } },
{ "type": "Feature", "properties": { "District": 11 }, "geometry": { "type": "Polygon", "coordinates": [ [ [ -97.466916999595583, 30.465190000433754 ], [ -97.501347999584425, 30.477292000673479 ], [ -97.543141000560169, 30.479161000412965 ], [ -97.568254999555805, 30.499725000378287 ], [ -97.590306000456209, 30.497180000503832 ], [ -97.664526999660779, 30.496270999358824 ], [ -97.682584000125658, 30.502818000245014 ], [ -97.705336999482824, 30.47747199990301 ], [ -97.715798000062847, 30.480175999919819 ], [ -97.755556000355128, 30.472469999343186 ], [ -97.756655999524128, 30.455454000198902 ], [ -97.779371999402429, 30.439426999417705 ], [ -97.790674000050672, 30.448731000245154 ], [ -97.811863000832645, 30.447017999922387 ], [ -97.846560000738009, 30.473424999348438 ], [ -97.862248000028274, 30.497308999930823 ], [ -97.855765000177257, 30.507400999301691 ], [ -97.87141599996707, 30.52271400027114 ], [ -97.867866000119406, 30.546499000417551 ], [ -97.9001290005709, 30.568913999625625 ], [ -97.921895000321911, 30.590958000811057 ], [ -97.91706300049151, 30.604871000283353 ], [ -97.934808999580341, 30.610286000570849 ], [ -97.956733999474892, 30.628248999797908 ], [ -97.977866999887851, 30.6221139996054 ], [ -97.991015000329085, 30.609848999645514 ], [ -98.01274099957314, 30.616766999223277 ], [ -98.029700000950385, 30.614722999595283 ], [ -98.049885999671247, 30.624155000726525 ], [ -98.066559000627223, 30.593102999927634 ], [ -98.078154000178287, 30.604637000426823 ], [ -98.099202999718287, 30.598637000396245 ], [ -98.107783000146824, 30.607980000222351 ], [ -98.158103999513486, 30.628298000688773 ], [ -98.185550000686234, 30.586913999341554 ], [ -98.188717000812403, 30.564518000788876 ], [ -98.21190699972486, 30.569799999996583 ], [ -98.244059000635787, 30.555883000716285 ], [ -98.268784999599248, 30.56818999950611 ], [ -98.289054000152348, 30.553059999529403 ], [ -98.325862000576237, 30.566084999884364 ], [ -98.338236999681087, 30.555645999706734 ], [ -98.351982999503377, 30.558393000581511 ], [ -98.375946000026204, 30.573893999931705 ], [ -98.398757999729355, 30.563729999481925 ], [ -98.411148000076096, 30.574643999424268 ], [ -98.41183499989161, 30.588181999223544 ], [ -98.40018099940707, 30.598449000234716 ], [ -98.417594999233685, 30.627274000613337 ], [ -98.418593999336693, 30.645926000371222 ], [ -98.439087000924744, 30.662509999289671 ], [ -98.438994999822953, 30.673285000759517 ], [ -98.403983999514338, 30.676202999794533 ], [ -98.413962000364393, 30.70439199960234 ], [ -98.404152000604128, 30.721082999714977 ], [ -98.392654000134783, 30.721233000634509 ], [ -98.371905000362659, 30.740484999465622 ], [ -98.375237000325356, 30.74657400045006 ], [ -98.424045999464951, 30.750506999413879 ], [ -98.430214000131443, 30.760959999625928 ], [ -98.422531000195377, 30.775041999435992 ], [ -98.432098000685812, 30.786309999693287 ], [ -98.413909999390384, 30.794305999754624 ], [ -98.40333599910177, 30.817935999836301 ], [ -98.390052999933644, 30.818436000414213 ], [ -98.376876999665569, 30.834890000380803 ], [ -98.393645999422404, 30.84296000067652 ], [ -98.421593000832942, 30.834996999941939 ], [ -98.419349999967721, 30.859120999775886 ], [ -98.431556999112942, 30.869432000417284 ], [ -98.448326000136063, 30.870587999901375 ], [ -98.445760999386195, 30.921430000671329 ], [ -98.417770000640004, 30.927845000681263 ], [ -98.414508000100014, 30.942109999248771 ], [ -98.447098000612399, 30.951755000484081 ], [ -98.452897000314778, 30.968726999763735 ], [ -98.441873999520297, 30.98432400025693 ], [ -98.459235000158728, 31.007744999994141 ], [ -98.439527999883651, 31.025125000149639 ], [ -98.444859999840233, 31.038549999694727 ], [ -98.47577999997948, 31.053350000146207 ], [ -98.48392599939892, 31.067266000803947 ], [ -98.456028000528121, 31.079609000055374 ], [ -98.479328000785912, 31.118071000767586 ], [ -98.501114999159995, 31.116946000749639 ], [ -98.518289999097576, 31.092699999422898 ], [ -98.548326999580993, 31.124205999607977 ], [ -98.526958999696788, 31.140389999953385 ], [ -98.521140000298217, 31.165780000085849 ], [ -98.542015999360444, 31.174496000098685 ], [ -98.542349999319271, 31.194539999279637 ], [ -98.559557999357892, 31.192975000343907 ], [ -98.569645000419271, 31.20326900030782 ], [ -98.562962999105963, 31.235780999199683 ], [ -98.579809999219989, 31.265386000028805 ], [ -98.597888999757984, 31.253890000002841 ], [ -98.625627999220896, 31.269798000596332 ], [ -98.626925999277759, 31.281182000804584 ], [ -98.598189000057403, 31.286997999716728 ], [ -98.594371999391754, 31.311485999280595 ], [ -98.631043000423077, 31.310434000156775 ], [ -98.631878999734582, 31.32563300059719 ], [ -98.646969000395231, 31.340685000034409 ], [ -98.636374999133793, 31.352911999768541 ], [ -98.654560000291212, 31.370021999630019 ], [ -98.682772999383474, 31.346157000412319 ], [ -98.702695000824377, 31.339148000820661 ], [ -98.703809000322764, 31.380907999227301 ], [ -98.693027999741346, 31.387429999921704 ], [ -98.696634000746613, 31.40728700076102 ], [ -98.718125000106753, 31.404030000632805 ], [ -98.740269999962479, 31.407599999878013 ], [ -98.755672000511041, 31.40044400073829 ], [ -98.751406000544222, 31.387605000553013 ], [ -98.761620000169188, 31.375952999707984 ], [ -98.77562499968829, 31.387590000306535 ], [ -98.773000000348361, 31.410925999909651 ], [ -98.799404999585448, 31.410600999615919 ], [ -98.818982999527208, 31.416448999264258 ], [ -98.846380000527972, 31.410483999708266 ], [ -98.85929399954145, 31.434958000287832 ], [ -98.872500000381024, 31.444298999441195 ], [ -98.901936000900918, 31.436021000495703 ], [ -98.933188000897303, 31.436927999799977 ], [ -98.944263999499157, 31.458611000691828 ], [ -98.963593000198799, 31.446250999493632 ], [ -98.994519999306135, 31.466001000003669 ], [ -98.991624999865138, 31.484730000430702 ], [ -98.940872999709256, 31.513215999944904 ], [ -98.779950999754675, 31.610734999399167 ], [ -98.760057000876756, 31.687895999759526 ], [ -98.668441000103712, 31.700513999423844 ], [ -98.924400999975987, 32.078018000337295 ], [ -99.250341999221931, 32.080065000035134 ], [ -99.500347999050007, 32.079873999377249 ], [ -99.631413000821325, 32.081274000784774 ], [ -99.713943999144519, 32.082089000785004 ], [ -99.807380999870304, 32.081203000572017 ], [ -100.008949000469499, 32.082338000110873 ], [ -100.235205000240754, 32.082370999935385 ], [ -100.32508199926464, 32.081413999982502 ], [ -100.484638999341371, 32.082932000037125 ], [ -100.750385000672708, 32.08625499977488 ], [ -101.101193000822335, 32.086747999846665 ], [ -101.238980000328297, 32.087322999594491 ], [ -101.767668000123749, 32.086889000526206 ], [ -102.21782599936715, 32.086795999373614 ], [ -102.706920000013909, 32.086732000679397 ], [ -102.799085999721669, 32.085795000464188 ], [ -102.798361999818809, 31.846116000663159 ], [ -102.797552000511246, 31.772708999435956 ], [ -102.798938999611934, 31.651782999320154 ], [ -102.597685999219664, 31.651084999488152 ], [ -102.363582000331164, 31.651151999510173 ], [ -101.881286000912013, 31.651358999463994 ], [ -101.267122000660621, 31.650853999338707 ], [ -101.26875600083315, 31.448330999258811 ], [ -101.271895999519401, 31.293764999424933 ], [ -101.274799000345681, 31.079378999266094 ], [ -101.000385999754826, 31.081868999569135 ], [ -100.729632999698509, 31.085738000672883 ], [ -100.491393000243434, 31.087766000494153 ], [ -100.250362000928675, 31.088484000006396 ], [ -100.115215999913744, 31.087994000558702 ], [ -100.116672000855942, 30.809931000320333 ], [ -100.116161000322904, 30.625182000055023 ], [ -100.116872999835209, 30.39238600042945 ], [ -100.116460999322015, 30.290295999684691 ], [ -99.875346000432017, 30.290228000797615 ], [ -99.754141999614035, 30.290697999465017 ], [ -99.301717999348696, 30.286653000760122 ], [ -99.303995999436268, 30.499832000129228 ], [ -99.236692999538107, 30.4988470006708 ], [ -99.000326999786012, 30.498076000774223 ], [ -98.875321000800312, 30.499212999352174 ], [ -98.625480999806982, 30.499297000711952 ], [ -98.411461999535234, 30.502095000547449 ], [ -98.125555999349857, 30.426185999425183 ], [ -98.097709000531424, 30.467625999564596 ], [ -98.097778000191767, 30.498058000227402 ], [ -98.123419999173734, 30.486481999693556 ], [ -98.101262000918354, 30.52848500051914 ], [ -98.072164999605533, 30.519213000613824 ], [ -98.053253000216699, 30.52288200006905 ], [ -98.02986799977792, 30.505873000640975 ], [ -98.012287999111209, 30.502221000156535 ], [ -97.979898000119888, 30.510465999800665 ], [ -97.978056000707809, 30.533854000322272 ], [ -97.947526000530644, 30.548158000234601 ], [ -97.925499000438904, 30.553570999371896 ], [ -97.902535000820947, 30.540084999636044 ], [ -97.896916000065133, 30.519683000044544 ], [ -97.885563000164666, 30.511463999416979 ], [ -97.900417000516754, 30.48105799938287 ], [ -97.865049000596713, 30.463845000322689 ], [ -97.843417000532483, 30.42653400040972 ], [ -97.812771999888952, 30.419005999178797 ], [ -97.783337000381422, 30.419912999378699 ], [ -97.754522999928724, 30.43928199983344 ], [ -97.723978999090093, 30.449506999755211 ], [ -97.699099999385695, 30.451957999894553 ], [ -97.678500000357346, 30.434812000296564 ], [ -97.666922999398977, 30.441109000349414 ], [ -97.639049999716093, 30.429562000044388 ], [ -97.601584000115551, 30.408377000098113 ], [ -97.589804999386914, 30.395465000067784 ], [ -97.575874000736022, 30.416887999912969 ], [ -97.54608500009563, 30.400911000094354 ], [ -97.522961000333993, 30.440887999248922 ], [ -97.502338999255073, 30.441721999769314 ], [ -97.490011999449422, 30.460367999485367 ], [ -97.466916999595583, 30.465190000433754 ] ] ] } },
{ "type": "Feature", "properties": { "District": 12 }, "geometry": { "type": "Polygon", "coordinates": [ [ [ -97.92164199929276, 33.001283999475724 ], [ -98.056093999066675, 33.003332000498183 ], [ -98.06436900078269, 32.637235999509336 ], [ -98.038577999056528, 32.649151999427879 ], [ -98.032070000585733, 32.665879999592619 ], [ -97.996314000252966, 32.6887680005809 ], [ -97.884926000124082, 32.726498999434234 ], [ -97.849912999987851, 32.728237000717662 ], [ -97.845349000034105, 32.716785000609804 ], [ -97.781084999177708, 32.715416000198964 ], [ -97.762786999136196, 32.695841000560904 ], [ -97.73763599978524, 32.693563000752718 ], [ -97.705687000101349, 32.678988999852407 ], [ -97.701751999793586, 32.66404399973375 ], [ -97.66134299956812, 32.649548999943939 ], [ -97.651097999209, 32.639880000587311 ], [ -97.615065999651478, 32.630717999456003 ], [ -97.595461000647816, 32.614971999933331 ], [ -97.578354999146484, 32.610381999193798 ], [ -97.578537000242321, 32.635978999813517 ], [ -97.588075999179367, 32.641939999304583 ], [ -97.585868000248823, 32.672290999759376 ], [ -97.592541000522914, 32.700537999533573 ], [ -97.616202999678208, 32.709905000163197 ], [ -97.615621999186459, 32.692458000657432 ], [ -97.65041000021975, 32.692161000200514 ], [ -97.675419000470711, 32.705473000822948 ], [ -97.668045999397151, 32.724911999679762 ], [ -97.674471000018698, 32.750023000430581 ], [ -97.666775999313472, 32.770128999273147 ], [ -97.67434200023807, 32.786328999558975 ], [ -97.597883999736368, 32.785442999317084 ], [ -97.559236999387238, 32.782038999414276 ], [ -97.548200999836794, 32.776113999298033 ], [ -97.550368000970678, 32.580322999210381 ], [ -97.513509000944282, 32.593922000428876 ], [ -97.493582999938951, 32.578594000500651 ], [ -97.462053000665975, 32.569499000174829 ], [ -97.448979000895505, 32.588166999965907 ], [ -97.412742000687501, 32.615425000439373 ], [ -97.416361000583137, 32.645430999743219 ], [ -97.381165999992817, 32.675090000316175 ], [ -97.33428400015265, 32.66405599956024 ], [ -97.310817999688055, 32.669224000430951 ], [ -97.307465999256195, 32.700296999565793 ], [ -97.293059000639133, 32.71980300003343 ], [ -97.294612000320086, 32.751609999603211 ], [ -97.276850999756363, 32.752031999656147 ], [ -97.256676999593381, 32.780420000446895 ], [ -97.236276999133963, 32.794054999541252 ], [ -97.244386999346787, 32.809098999248434 ], [ -97.264510999897823, 32.815987000478557 ], [ -97.263977999593351, 32.860512000553335 ], [ -97.314213000103649, 32.860891999937884 ], [ -97.317092000609023, 32.876504999822522 ], [ -97.316958000503149, 32.926567999504719 ], [ -97.307299000939807, 32.978739999522332 ], [ -97.299329000815561, 32.991281999792378 ], [ -97.446056999666141, 32.99223699944141 ], [ -97.638955999344475, 32.995731000306542 ], [ -97.92164199929276, 33.001283999475724 ] ] ] } },
{ "type": "Feature", "properties": { "District": 13 }, "geometry": { "type": "Polygon", "coordinates": [ [ [ -97.919112999051237, 33.307435999958138 ], [ -97.883007999549605, 33.321125000402851 ], [ -97.81050699909656, 33.297490999221232 ], [ -97.809275999073634, 33.315428999757735 ], [ -97.790552999940275, 33.319907000005458 ], [ -97.789126000761527, 33.293046000451533 ], [ -97.733951999525232, 33.292754999991082 ], [ -97.691329000269533, 33.276280999882687 ], [ -97.668699999327004, 33.273598000266283 ], [ -97.647271000359382, 33.255959999637938 ], [ -97.61834199927398, 33.245642000772349 ], [ -97.578523999705311, 33.248799999954706 ], [ -97.567891000705671, 33.240143000146936 ], [ -97.505689000019373, 33.24438600043031 ], [ -97.450197000129279, 33.245628999396288 ], [ -97.413645999457813, 33.250872999452973 ], [ -97.390937000736656, 33.24203899984132 ], [ -97.391606000857308, 33.218935000604986 ], [ -97.360950000252799, 33.216779999541117 ], [ -97.353930000118226, 33.224410000252149 ], [ -97.317419999607594, 33.220739999281328 ], [ -97.218253999979751, 33.221410000184775 ], [ -97.213743000535544, 33.199065999853858 ], [ -97.17315500094729, 33.175265000513285 ], [ -97.159267999936517, 33.179360000724643 ], [ -97.146201000556317, 33.147210999405779 ], [ -97.114694000427875, 33.1325229998343 ], [ -97.096428000869139, 33.132140000423298 ], [ -97.087025999731949, 33.163834999554965 ], [ -97.065530999276163, 33.168539999763212 ], [ -97.042108000304566, 33.181129000241079 ], [ -97.019817000179529, 33.177407999370359 ], [ -97.020278999473121, 33.199541999887721 ], [ -97.030730000237554, 33.216564000277991 ], [ -97.036669000268176, 33.255307999459525 ], [ -97.05826500030247, 33.277534999964409 ], [ -97.082633000127231, 33.28515899941295 ], [ -97.09611799970898, 33.27778000049814 ], [ -97.109064000471406, 33.284962000612794 ], [ -97.135615999825077, 33.311859000125352 ], [ -97.147901000945168, 33.331253999670885 ], [ -97.168749000732248, 33.323565999451326 ], [ -97.201199999113825, 33.321909999377425 ], [ -97.221439999248247, 33.325709999338393 ], [ -97.217287999735035, 33.348842999250692 ], [ -97.220091999659275, 33.425122000232129 ], [ -97.383094999234814, 33.430449999548713 ], [ -97.38301500047929, 33.432890000709115 ], [ -97.48706499978104, 33.433681000116458 ], [ -97.485513000454205, 33.625107000600487 ], [ -97.484163000501539, 33.915509999519685 ], [ -97.500929000496825, 33.919537999502808 ], [ -97.558269999761322, 33.897099000748682 ], [ -97.589253999332712, 33.903922000718197 ], [ -97.597979999167364, 33.955247000741785 ], [ -97.609091000437743, 33.968093000271772 ], [ -97.661488999416036, 33.990817999904117 ], [ -97.68769399958002, 33.987180000303788 ], [ -97.709539000953058, 33.95488100051373 ], [ -97.732224000613996, 33.936681000161016 ], [ -97.76304300025518, 33.934145000027222 ], [ -97.780339999132352, 33.904832999378293 ], [ -97.801740000118798, 33.895147000719653 ], [ -97.805971999981608, 33.876571000017243 ], [ -97.833504999688543, 33.85809599954208 ], [ -97.877387000449218, 33.850236000519509 ], [ -97.939665999080134, 33.879446000633486 ], [ -97.957064000741028, 33.878766999332143 ], [ -97.984372999514761, 33.898023999487748 ], [ -97.957155000468632, 33.914453999213663 ], [ -97.953394999562178, 33.936445000425763 ], [ -97.973101000377056, 33.944184000750077 ], [ -97.956916999670526, 33.958501999218448 ], [ -97.946801999083192, 33.99089300025534 ], [ -97.971669999748727, 34.005434000025957 ], [ -98.016338000012482, 33.994098000806034 ], [ -98.041116999405546, 33.993455999793731 ], [ -98.084435000155139, 34.00289300075621 ], [ -98.084025000055377, 34.014368999289587 ], [ -98.10361700044821, 34.029206999330839 ], [ -98.083839000196662, 34.041718999962512 ], [ -98.100627000982286, 34.049983999903695 ], [ -98.120207999851615, 34.072127000230495 ], [ -98.118481999608292, 34.085618999837166 ], [ -98.102574999726585, 34.100032999599009 ], [ -98.090550000896428, 34.122483999354586 ], [ -98.103308999382392, 34.134139999348228 ], [ -98.101936999408977, 34.146829999988995 ], [ -98.123376999380909, 34.154540000493384 ], [ -98.152081999586912, 34.125092999581568 ], [ -98.168789999456436, 34.114261999582446 ], [ -98.200074999211367, 34.116783000064686 ], [ -98.232474000884338, 34.134640999675995 ], [ -98.256466999842587, 34.12948099939004 ], [ -98.300209000596098, 34.134578999892895 ], [ -98.322580000624427, 34.149719999460949 ], [ -98.36402299906257, 34.157108999314524 ], [ -98.381650999120097, 34.149202000740331 ], [ -98.398440999739719, 34.128455999794618 ], [ -98.398389000673262, 34.10456600002842 ], [ -98.411511000431162, 34.098615000666008 ], [ -98.418804999877111, 34.082655000598898 ], [ -98.442807999301976, 34.083143999188017 ], [ -98.486328000009948, 34.062598000230274 ], [ -98.504148999673305, 34.072286999404362 ], [ -98.550917000187255, 34.119333999549681 ], [ -98.577355999861879, 34.149100000044456 ], [ -98.603096000264344, 34.160501000786567 ], [ -98.619350999146874, 34.156668999551151 ], [ -98.6432229993639, 34.164531000030408 ], [ -98.671527999938718, 34.148892000740943 ], [ -98.690072000393414, 34.133155000159867 ], [ -98.735470999549619, 34.135208000687236 ], [ -98.757450000706712, 34.124712999657966 ], [ -98.766670999506772, 34.136833999536407 ], [ -98.804412999630529, 34.153930999346258 ], [ -98.831114999972186, 34.162153999625964 ], [ -98.854509999475994, 34.16171299931527 ], [ -98.860125000848015, 34.149913000396012 ], [ -98.887112000850919, 34.168259999797208 ], [ -98.920703999526765, 34.183435000440191 ], [ -98.951284000874182, 34.212188999638919 ], [ -98.976663999081495, 34.206539999205916 ], [ -98.991702999398001, 34.221426999621556 ], [ -99.012957000778101, 34.203193999732996 ], [ -99.037335999296673, 34.206446000338424 ], [ -99.05635000036213, 34.2000140006379 ], [ -99.080576999919359, 34.211482999774738 ], [ -99.121004000058761, 34.201849999406008 ], [ -99.137548000177475, 34.219348000773252 ], [ -99.156573999173517, 34.207167999648767 ], [ -99.189775999433564, 34.214356999943107 ], [ -99.199253999341977, 34.260790999788554 ], [ -99.195553000047738, 34.281281999425843 ], [ -99.207765999608569, 34.283823000468963 ], [ -99.213161000039094, 34.308476000804852 ], [ -99.205935999391428, 34.320582000163569 ], [ -99.208832000642502, 34.339171999878126 ], [ -99.234297999321868, 34.340451000449676 ], [ -99.237562000942418, 34.366700999356759 ], [ -99.269796000857653, 34.38084300022949 ], [ -99.261274999109503, 34.403507999341898 ], [ -99.283169999852191, 34.40294600006915 ], [ -99.287910000132854, 34.414029999683187 ], [ -99.320073000759876, 34.40926699951207 ], [ -99.328697999125239, 34.422383000289578 ], [ -99.356902999136352, 34.44208200058128 ], [ -99.358970000868197, 34.455807000445695 ], [ -99.375550000185527, 34.458788999472993 ], [ -99.395187000702478, 34.442030000731698 ], [ -99.396750999673074, 34.417209999226635 ], [ -99.38718100005255, 34.41084199946166 ], [ -99.398727999466317, 34.375831999666168 ], [ -99.409005000536354, 34.37275800062406 ], [ -99.427496999794442, 34.385136000681037 ], [ -99.43826899985028, 34.371163999693152 ], [ -99.466383000373668, 34.395899999606563 ], [ -99.487218999490608, 34.397954999458733 ], [ -99.517623999856028, 34.414493999427243 ], [ -99.550513999058751, 34.412943999870038 ], [ -99.569696000578006, 34.41841800028066 ], [ -99.584368999327978, 34.408153999727283 ], [ -99.584531000030253, 34.391204999605307 ], [ -99.600025999362146, 34.374687999888906 ], [ -99.624196999812497, 34.37357699931632 ], [ -99.648142000963858, 34.382312000490309 ], [ -99.663948000127021, 34.373680000295344 ], [ -99.694528000635174, 34.378217999358512 ], [ -99.72703100027222, 34.410554000806144 ], [ -99.753447000625044, 34.420852999241781 ], [ -99.765598999137623, 34.437487999661208 ], [ -99.783760000092329, 34.445005000159519 ], [ -99.814313000882379, 34.476203999634023 ], [ -99.821839000916839, 34.497847999401515 ], [ -99.853052999084269, 34.511584999668237 ], [ -99.888741000159712, 34.550452000697973 ], [ -99.921801000404741, 34.570252999887948 ], [ -99.953817000049412, 34.578526999290084 ], [ -99.971013000965982, 34.562501000573363 ], [ -100.000277000455441, 34.560450000198777 ], [ -100.000381000012595, 34.732427000038676 ], [ -100.000406000771193, 36.499702000576924 ], [ -100.522227000932816, 36.499291000114148 ], [ -101.125433999304335, 36.499518999250618 ], [ -101.375436999942494, 36.499342999600508 ], [ -101.698685000326947, 36.499508000198318 ], [ -102.366489999725317, 36.500395999747823 ], [ -102.875477000404089, 36.500238000036582 ], [ -103.041713000222671, 36.50043900055315 ], [ -103.040863999206167, 35.957273000316299 ], [ -103.042518999250404, 35.214326999423967 ], [ -103.042982000332373, 34.747361000036094 ], [ -102.625490000140232, 34.747309999457414 ], [ -102.370898000503061, 34.746023999338362 ], [ -101.998493000816964, 34.748190000493331 ], [ -101.740713000770924, 34.747529000759258 ], [ -101.47156200089178, 34.747462000373517 ], [ -101.47204900051679, 34.492750000210862 ], [ -101.471579999249172, 34.312289999639141 ], [ -101.041483999456204, 34.312444000101408 ], [ -101.041424000074386, 33.875080000693245 ], [ -101.038855000663602, 33.500087999712768 ], [ -101.038787999175298, 33.397214000003842 ], [ -100.750325000027928, 33.398285000337992 ], [ -100.625396999771212, 33.399061000268162 ], [ -100.500392000167409, 33.397674000102249 ], [ -100.250384000241922, 33.398034999476216 ], [ -100.125380000110511, 33.397384999742236 ], [ -99.87537100003199, 33.39760800074064 ], [ -99.404630000519873, 33.398819999337185 ], [ -98.953938000948312, 33.397533999595247 ], [ -98.750338999482295, 33.395656999535028 ], [ -98.62306600080224, 33.395420000049519 ], [ -98.420666000927554, 33.396195000561612 ], [ -98.421419000840203, 33.466796999575614 ], [ -98.126377000526077, 33.466219999894676 ], [ -97.978919000007494, 33.467129000509892 ], [ -97.978966999527771, 33.433747999580198 ], [ -97.91818899974021, 33.4338729996797 ], [ -97.919112999051237, 33.307435999958138 ] ] ] } },
{ "type": "Feature", "properties": { "District": 14 }, "geometry": { "type": "Polygon", "coordinates": [ [ [ -95.582825999512721, 29.580582000530811 ], [ -95.589163000735127, 29.567138999441497 ], [ -95.583140000378037, 29.55243199962592 ], [ -95.583281999692289, 29.520342000580413 ], [ -95.55375899988428, 29.503506000244553 ], [ -95.545159000100597, 29.489188000472382 ], [ -95.543756999381998, 29.466854000199767 ], [ -95.532992999619168, 29.458216000414367 ], [ -95.534022999900628, 29.442508999683152 ], [ -95.550124999148139, 29.441150999623801 ], [ -95.555935999192897, 29.425343999913363 ], [ -95.545825000304035, 29.407735000310844 ], [ -95.547576999221263, 29.395197000034102 ], [ -95.56729000010013, 29.389694999242817 ], [ -95.58048300019378, 29.360863000567559 ], [ -95.58286799994076, 29.338150999637861 ], [ -95.418694999859284, 29.341335999275238 ], [ -95.418630000259981, 29.351396000514619 ], [ -95.362397000606393, 29.352643000540528 ], [ -95.3233150007772, 29.371007000202798 ], [ -95.334198999861428, 29.381365999608118 ], [ -95.29974399982477, 29.401732000484252 ], [ -95.277300999942128, 29.410492000418525 ], [ -95.233554000620089, 29.409462999814654 ], [ -95.227351000591426, 29.423207999895425 ], [ -95.208335000873063, 29.419909999953948 ], [ -95.195918000734025, 29.409459999382253 ], [ -95.08315299955585, 29.241262000290885 ], [ -95.056574999259965, 29.199856000390565 ], [ -95.129934999518284, 29.085617999254946 ], [ -95.091621999839177, 29.062738999173948 ], [ -95.086397999639928, 29.068240000061866 ], [ -95.000201999088901, 29.104451999870289 ], [ -94.963660999675042, 29.125240999950961 ], [ -94.912170999728616, 29.159318000083132 ], [ -94.840150999214259, 29.198346000013156 ], [ -94.772685999711541, 29.231718000469005 ], [ -94.713310999609021, 29.282520999399274 ], [ -94.692309000886084, 29.277050999611326 ], [ -94.666220000372476, 29.281046999324417 ], [ -94.642421000406927, 29.300136000635476 ], [ -94.629026000175628, 29.321640000208749 ], [ -94.6238979996929, 29.343142999340916 ], [ -94.636046000827804, 29.370636000429059 ], [ -94.650311000737034, 29.382819999908001 ], [ -94.625191999792591, 29.39766199993543 ], [ -94.499451999093196, 29.452337000726139 ], [ -94.37586599955695, 29.499776999855762 ], [ -94.370351000094061, 29.500229999968731 ], [ -94.125180000619181, 29.595558999505435 ], [ -94.03356500060093, 29.625001999693737 ], [ -93.906042999670177, 29.625001000520687 ], [ -93.875005999530202, 29.621426000029636 ], [ -93.84858800090764, 29.600260000023141 ], [ -93.814350999121345, 29.596575999538274 ], [ -93.837411999470874, 29.689885000057632 ], [ -93.870020000172843, 29.735482000027829 ], [ -93.888820999608186, 29.74223399988724 ], [ -93.898470000119332, 29.77157700006498 ], [ -93.922407000879943, 29.785047999837694 ], [ -93.928807999149043, 29.797080000197013 ], [ -93.922744000423151, 29.81880800010105 ], [ -93.903576000463673, 29.835000000389812 ], [ -93.85989599906145, 29.859921000130612 ], [ -93.830374000061767, 29.894358000619196 ], [ -93.817286000489403, 29.918421999804309 ], [ -93.806550999092039, 29.95744500018542 ], [ -93.79008700081269, 29.986563999529501 ], [ -93.771574999906747, 29.995924000586108 ], [ -93.755014000558447, 30.015362999429918 ], [ -93.73973400016051, 30.023987000589603 ], [ -93.736709999870641, 30.038387000195385 ], [ -93.720804999268111, 30.053043000351551 ], [ -93.699420999815558, 30.060323000582237 ], [ -93.72591000082987, 30.078469000224917 ], [ -93.724100999942294, 30.093010000650061 ], [ -93.70425999951982, 30.110656999551441 ], [ -93.692849000509952, 30.135213000670941 ], [ -93.7209310003268, 30.208461000671949 ], [ -93.7069929992076, 30.243735999732404 ], [ -94.117027999388498, 30.241649000211567 ], [ -94.11630800069959, 30.218882000154395 ], [ -94.09469100048868, 30.202961999623916 ], [ -94.110103000442095, 30.188344000235752 ], [ -94.113479999960347, 30.148311000224886 ], [ -94.07427800005209, 30.116510999866474 ], [ -94.09377900093881, 30.08661199950102 ], [ -94.108376999758534, 30.081061999811787 ], [ -94.087986999915287, 30.060465999301012 ], [ -94.092769999937104, 30.042314999513358 ], [ -94.135287000833699, 30.043860000853911 ], [ -94.141213999920083, 30.053784000415714 ], [ -94.246441000737263, 29.94962299959596 ], [ -94.357510000800872, 29.858350000232374 ], [ -94.353948000342641, 29.611497000667377 ], [ -94.379483000392071, 29.61704799940232 ], [ -94.38974200090648, 29.594792999507305 ], [ -94.414295000618196, 29.590215000186816 ], [ -94.412444999414902, 29.573371000581357 ], [ -94.42286800014206, 29.566256000051585 ], [ -94.47463700018281, 29.558329000096602 ], [ -94.498176999494532, 29.544822000754863 ], [ -94.522880999422767, 29.550365000311402 ], [ -94.545908000344411, 29.572502999275933 ], [ -94.569389999382707, 29.572849999443786 ], [ -94.601530000825392, 29.559427999686839 ], [ -94.65674699973377, 29.547777999843785 ], [ -94.686253999186519, 29.538337000563285 ], [ -94.710656999612794, 29.537206999712943 ], [ -94.740915999790388, 29.526721000382679 ], [ -94.76256899918836, 29.524162000251547 ], [ -94.779469999781796, 29.53023400015234 ], [ -94.793819000366653, 29.550943000081034 ], [ -94.8149590004153, 29.527804999623683 ], [ -94.833380000699776, 29.516906000004163 ], [ -94.867949999503395, 29.515908999410239 ], [ -94.914396999314405, 29.496504999758322 ], [ -94.978056999297465, 29.511673000163615 ], [ -95.003095999392968, 29.5260570005331 ], [ -95.023040000093005, 29.549431000676169 ], [ -95.050125999774934, 29.558548999859362 ], [ -95.070114000058652, 29.556094000307578 ], [ -95.104325999783825, 29.510734000773954 ], [ -95.124010999652612, 29.510484000011822 ], [ -95.151505000194263, 29.500387999391272 ], [ -95.183097000413923, 29.519017000487072 ], [ -95.199452999167463, 29.544527999886323 ], [ -95.197681999155421, 29.557278999266217 ], [ -95.228248999758293, 29.560033000182319 ], [ -95.242685999331371, 29.555166999174258 ], [ -95.258508000504719, 29.571084000636269 ], [ -95.290172999803247, 29.545625999467347 ], [ -95.325501999184283, 29.544785999571847 ], [ -95.357228000843762, 29.537407000667862 ], [ -95.375523999436709, 29.541688999401579 ], [ -95.435304999450992, 29.539924999243084 ], [ -95.446299999158569, 29.499637000438256 ], [ -95.504634000247805, 29.530035000422028 ], [ -95.54672900090948, 29.542694999823137 ], [ -95.55510299980125, 29.554999000084873 ], [ -95.540172000710925, 29.570481000349503 ], [ -95.582825999512721, 29.580582000530811 ] ] ] } },
{ "type": "Feature", "properties": { "District": 15 }, "geometry": { "type": "Polygon", "coordinates": [ [ [ -98.265862999265181, 26.117333000192417 ], [ -98.268386000293916, 26.093137999894235 ], [ -98.248736999813715, 26.072041999303487 ], [ -98.221217000863888, 26.07661100023277 ], [ -98.19846600033965, 26.055396999816331 ], [ -98.171245999506198, 26.069681000595416 ], [ -98.143226999666425, 26.051079999601047 ], [ -98.137301999438833, 26.060844999775544 ], [ -98.103811000247489, 26.06709400047238 ], [ -98.08308799914289, 26.062880000484927 ], [ -98.059794000423537, 26.046074999740402 ], [ -98.038366999297793, 26.042106999878115 ], [ -98.02270300082877, 26.060420000579246 ], [ -97.987302000205261, 26.06572199969796 ], [ -97.966068999651341, 26.051937000428634 ], [ -97.951175000804639, 26.061958000236277 ], [ -97.937923999463223, 26.053523999748876 ], [ -97.893651999928238, 26.060171000621096 ], [ -97.861821999253777, 26.069920999252023 ], [ -97.861919999098674, 26.433579000646965 ], [ -97.90829599928702, 26.434907999567738 ], [ -98.004189000237076, 26.448784000028279 ], [ -97.992285000841676, 26.49130800053609 ], [ -97.984366999301983, 26.536578000112918 ], [ -97.963911999912909, 26.533500000169294 ], [ -97.968839999199659, 26.551355000516995 ], [ -97.957405000422099, 26.611768999717679 ], [ -97.985302999168823, 26.615809000656345 ], [ -97.986075999185616, 27.260494000108537 ], [ -98.058078000460341, 27.26098100058686 ], [ -98.059799999431263, 27.635868999974605 ], [ -97.942146000843721, 27.635931999630643 ], [ -97.933664999668949, 27.776442000257262 ], [ -97.934273999802869, 27.88520199988843 ], [ -97.798626999390393, 27.995569000279023 ], [ -97.812009000748716, 27.96439000027603 ], [ -97.807673999650689, 27.939593999305764 ], [ -97.782765000032356, 27.947167000684505 ], [ -97.775602999679748, 27.937733000172777 ], [ -97.73310600061437, 27.925336000426675 ], [ -97.691073999720643, 27.917352999950303 ], [ -97.671504999938819, 27.893032999355306 ], [ -97.675279999500347, 27.882537999988543 ], [ -97.638173999817596, 27.865594000414305 ], [ -97.626033000748734, 27.881402999616867 ], [ -97.610387999956743, 27.875991000336779 ], [ -97.589473000582842, 27.856101000745447 ], [ -97.57313499990552, 27.86098900064232 ], [ -97.542622000695729, 27.858314999409714 ], [ -97.535309999286355, 27.847677000254276 ], [ -97.502817000170637, 27.846157000739854 ], [ -97.519775000123502, 27.861099999705058 ], [ -97.507919000390203, 27.877643999364224 ], [ -97.491758999464338, 27.881659999375678 ], [ -97.481166999868918, 27.859789000402202 ], [ -97.451702000434267, 27.868665000431868 ], [ -97.415342000860335, 27.869664000413554 ], [ -97.374686000900766, 27.875436999587627 ], [ -97.336703999413899, 27.884270999249441 ], [ -97.304994000011035, 27.879911999376223 ], [ -97.307537000852633, 27.897362000027439 ], [ -97.294881000074923, 27.91457900015709 ], [ -97.280402999297124, 27.917168999735487 ], [ -97.20933300003577, 27.881433000555784 ], [ -97.174829000664602, 27.927259999238828 ], [ -97.154396999910944, 27.929281999609469 ], [ -97.140659999451088, 27.910365999591455 ], [ -97.076754999479718, 27.993845999362495 ], [ -97.06077500001652, 28.004978000127352 ], [ -97.042527999424394, 28.036530999621817 ], [ -97.041229999550694, 28.071028000495481 ], [ -97.027805999747883, 28.109293999677686 ], [ -97.004603999154114, 28.142892000775309 ], [ -96.996357000688064, 28.172807999850935 ], [ -96.985390999562128, 28.230360000687213 ], [ -96.967529000617986, 28.266168999917294 ], [ -96.952719000114456, 28.280883000662271 ], [ -96.895081999938327, 28.425749999390963 ], [ -96.888827000274901, 28.447440000034963 ], [ -96.900429999543277, 28.457789999663916 ], [ -96.929084000722042, 28.464727000768715 ], [ -96.998405000147699, 28.494812000655795 ], [ -97.01944499907448, 28.520101000787481 ], [ -97.030616000110498, 28.541527000228797 ], [ -97.055867000327595, 28.550176999683831 ], [ -97.090836999198757, 28.534575000188028 ], [ -97.110221000218687, 28.553699000545631 ], [ -97.155035999805094, 28.548114000681672 ], [ -97.16571700001812, 28.585207000220215 ], [ -97.182358999426256, 28.610602000791452 ], [ -97.167731000038629, 28.727846000456804 ], [ -97.175708999647142, 28.742110999629663 ], [ -97.158933000239543, 28.776155999641418 ], [ -97.176324999639476, 28.790734000062191 ], [ -97.190182000805493, 28.812473000783687 ], [ -97.186238000319108, 28.832929000612427 ], [ -97.204998000565993, 28.855040000085307 ], [ -97.236240999802973, 28.864888999674037 ], [ -97.239229999903927, 28.853817999669495 ], [ -97.255941999476207, 28.848428000425145 ], [ -97.293193000499556, 28.84740799967102 ], [ -97.305916000591694, 28.86403700009442 ], [ -97.033188000498939, 29.06433300011587 ], [ -96.976377999670532, 29.104046000119045 ], [ -96.938586999699822, 29.06324399922854 ], [ -96.875259000350212, 29.110061000249782 ], [ -96.677170000398974, 29.250249999647096 ], [ -96.560554999195972, 29.335438999996541 ], [ -96.687581999422363, 29.466496000114461 ], [ -96.79313199931687, 29.577377999323819 ], [ -96.832811999399013, 29.57686300065123 ], [ -96.842338000117508, 29.612826000075589 ], [ -96.864996000472331, 29.632705999907575 ], [ -97.143262000209489, 29.62808900016282 ], [ -97.130516999123131, 29.643296000298751 ], [ -97.317893000681934, 29.784658000497185 ], [ -97.583918000213785, 29.638531000267324 ], [ -97.611884999458894, 29.636879000213735 ], [ -97.633176000071472, 29.649862999375827 ], [ -97.746585000369109, 29.500335000218122 ], [ -97.753858999959903, 29.488581999623158 ], [ -97.858781999490475, 29.352889999956233 ], [ -97.757701000698404, 29.250233999378452 ], [ -97.613132000732364, 29.109765000624275 ], [ -97.755109999081981, 29.007112999758963 ], [ -97.574639000327196, 28.813300000456177 ], [ -97.778530000322377, 28.668026999515774 ], [ -97.788001999255002, 28.675831999340016 ], [ -97.825311999247504, 28.670341000703232 ], [ -97.835415000531555, 28.680151999327936 ], [ -97.870674000196772, 28.689516999795458 ], [ -97.915105999974699, 28.719648000042024 ], [ -98.00525200069589, 28.690238999902395 ], [ -98.089763999568916, 28.662978999787114 ], [ -97.991320000039835, 28.496734000669477 ], [ -97.950699000394039, 28.425965999251531 ], [ -97.808774000209212, 28.183415000172115 ], [ -97.904081000460451, 28.114228000373569 ], [ -97.907556999328435, 28.097292000261952 ], [ -97.895336000826049, 28.061175999245972 ], [ -97.908622000213441, 28.056681000431947 ], [ -98.235497000788584, 28.057965999896933 ], [ -98.23314100022543, 27.487316999603408 ], [ -98.232464000585225, 27.262487000004004 ], [ -98.536646000327323, 27.265196000815248 ], [ -98.531575000555151, 27.254796000722067 ], [ -98.510896999100439, 27.249996999970318 ], [ -98.492942999772666, 27.235011999588252 ], [ -98.492910000438584, 27.142061999973642 ], [ -98.467284000677552, 27.142005999362844 ], [ -98.466542000838444, 27.054711000146789 ], [ -98.417883000072422, 27.055285000383847 ], [ -98.422615999407142, 26.783534999443031 ], [ -98.320670000489343, 26.783081000195114 ], [ -98.396758999597083, 26.62533700050616 ], [ -98.491943000048963, 26.445361999472592 ], [ -98.365497000770347, 26.428074000681239 ], [ -98.366119000424803, 26.423981999689836 ], [ -98.248472000324711, 26.405558999673392 ], [ -98.264410999995064, 26.323837999842691 ], [ -98.258673999581362, 26.323034999431769 ], [ -98.268320000841854, 26.266115000469224 ], [ -98.264219000532748, 26.243605999831626 ], [ -98.197822000750577, 26.235990999569463 ], [ -98.200241999533503, 26.221674999183328 ], [ -98.163461000719735, 26.216611999983598 ], [ -98.169964999683657, 26.178469999385563 ], [ -98.232448000725682, 26.189394000740325 ], [ -98.230041000763421, 26.168686999849381 ], [ -98.239856999769756, 26.145541999906232 ], [ -98.255445000743904, 26.143575000544107 ], [ -98.265862999265181, 26.117333000192417 ] ] ] } },
{ "type": "Feature", "properties": { "District": 16 }, "geometry": { "type": "Polygon", "coordinates": [ [ [ -106.295671999855102, 31.60103700056391 ], [ -106.253634999717619, 31.611464999815347 ], [ -106.24420400016254, 31.60052099965424 ], [ -106.214868000179052, 31.614089999960772 ], [ -106.198102000145383, 31.609326999628223 ], [ -106.198241000600348, 31.668520000089263 ], [ -106.215331000623351, 31.66854599919737 ], [ -106.216066000629795, 31.726104999215107 ], [ -106.199054000353541, 31.72614899999369 ], [ -106.200105000208339, 31.815594000441461 ], [ -106.205635000409515, 31.833707999208677 ], [ -106.26560099941257, 31.833828000240437 ], [ -106.272915000478179, 31.819660999803034 ], [ -106.321993999687933, 31.836520000612317 ], [ -106.355372999508816, 31.893024000288438 ], [ -106.388573999618202, 31.89891399930157 ], [ -106.370643000689697, 31.927171999830691 ], [ -106.391572000362274, 31.928407999296144 ], [ -106.407938000584508, 31.94339899987941 ], [ -106.409242999498375, 32.001006999502991 ], [ -106.443915999393738, 32.001187999480067 ], [ -106.618485999950082, 32.00049500000901 ], [ -106.639536000591647, 31.980342999378763 ], [ -106.624297999287506, 31.961055999971464 ], [ -106.622163000545498, 31.936006999766239 ], [ -106.612865000821628, 31.920371999438995 ], [ -106.640061999201123, 31.905273000446854 ], [ -106.630685999791766, 31.886406999708388 ], [ -106.635919999272303, 31.866233000159248 ], [ -106.601446000160479, 31.839596999275507 ], [ -106.605297000521716, 31.827720000649581 ], [ -106.577244000542876, 31.81040600038062 ], [ -106.547140000016242, 31.807298999502333 ], [ -106.527060999248363, 31.788711999508024 ], [ -106.528497999345603, 31.781496999467638 ], [ -106.490548999765863, 31.748923999992435 ], [ -106.473206999879622, 31.750493000643797 ], [ -106.451429999707273, 31.764427000344437 ], [ -106.417295999925614, 31.751592000363377 ], [ -106.381074000405633, 31.732081999376497 ], [ -106.374035999696886, 31.714844999481528 ], [ -106.349565000340249, 31.696711999222508 ], [ -106.334719999795595, 31.664108999916635 ], [ -106.307944000419525, 31.629519000380075 ], [ -106.295671999855102, 31.60103700056391 ] ] ] } },
{ "type": "Feature", "properties": { "District": 17 }, "geometry": { "type": "Polygon", "coordinates": [ [ [ -96.054780000467034, 32.012526000464661 ], [ -96.335699000346622, 31.875964999710025 ], [ -96.496713000508123, 31.796191000475424 ], [ -96.719114000605529, 31.814886999846191 ], [ -96.843664000417363, 31.99594900079536 ], [ -96.89620900090317, 32.073977000175319 ], [ -96.940656000229794, 32.052086999256424 ], [ -97.000279000949433, 32.138715999976057 ], [ -97.08611700039468, 32.265470999437213 ], [ -97.182242000345809, 32.245815000720988 ], [ -97.182553000514432, 32.257786999957958 ], [ -97.201201999307216, 32.277026000730174 ], [ -97.216521999602904, 32.269379999268686 ], [ -97.235242000255624, 32.296225000515477 ], [ -97.315737999063529, 32.336646999413311 ], [ -97.355846000435221, 32.345381000321787 ], [ -97.383959999349912, 32.337587000680806 ], [ -97.422688999709322, 32.335090000418511 ], [ -97.45803599935374, 32.319552999391142 ], [ -97.452118999283215, 32.296809999598139 ], [ -97.466751000850991, 32.272745000671662 ], [ -97.496069999409514, 32.257962000653663 ], [ -97.510071000813113, 32.240951999300499 ], [ -97.500216999926096, 32.233941999662285 ], [ -97.496176000281096, 32.212361000700817 ], [ -97.485819999369483, 32.196618000047827 ], [ -97.49334900052385, 32.165135000250004 ], [ -97.512361999895177, 32.160593000536686 ], [ -97.508422999225729, 32.140289999470397 ], [ -97.516121000885704, 32.133611999493723 ], [ -97.55521100088302, 32.149414000268514 ], [ -97.568475000857148, 32.176469999926844 ], [ -97.589649000218515, 32.190882999583906 ], [ -97.59758799963376, 32.203725000412838 ], [ -97.630885000389853, 32.207402999823493 ], [ -97.701308999716289, 32.170538000341892 ], [ -97.86540500096244, 32.087057999420196 ], [ -98.005462000056554, 32.017896999579769 ], [ -97.924150999177385, 31.900131000567484 ], [ -97.766431000750359, 31.672460999970433 ], [ -97.689834000253356, 31.711018999848054 ], [ -97.605230000133375, 31.587762000224636 ], [ -97.418606000580496, 31.320202000828644 ], [ -97.372970999417831, 31.274023000022574 ], [ -97.39118999966, 31.233961000073553 ], [ -97.412696999753209, 31.177719000753825 ], [ -97.354408000332072, 31.159540000498389 ], [ -97.364380000303228, 31.132824999675211 ], [ -97.379364000924966, 31.115406999779161 ], [ -97.353176999609644, 31.09336999950651 ], [ -97.352918999986329, 31.073309999454583 ], [ -97.339938999684861, 31.053791000568129 ], [ -97.348190000253794, 31.032839000510513 ], [ -97.334441999202298, 31.028782000124981 ], [ -97.324326000551096, 31.013106999544608 ], [ -97.32629400069969, 30.993960999783805 ], [ -97.312354999915243, 30.947519000271335 ], [ -97.320896999142462, 30.942762000686468 ], [ -97.320576000794105, 30.896684000773796 ], [ -97.309645999923703, 30.893714000607439 ], [ -97.277063000702285, 30.868825000316871 ], [ -97.265100000777409, 30.874939000527185 ], [ -97.315484999157235, 30.752362999523044 ], [ -97.269948999803574, 30.735362000329342 ], [ -97.221184000310032, 30.617784000686829 ], [ -97.299160999673745, 30.596466999663743 ], [ -97.312864999664342, 30.608639000595073 ], [ -97.381077999771122, 30.58927300028197 ], [ -97.406103999353263, 30.578757999540009 ], [ -97.413129000242961, 30.592625000570148 ], [ -97.430401000120682, 30.58717600068379 ], [ -97.428979000173626, 30.568073999988332 ], [ -97.471306999763669, 30.556029999565506 ], [ -97.58872400069491, 30.535680999237204 ], [ -97.601247999133975, 30.529258000399313 ], [ -97.590053000227542, 30.508483999569986 ], [ -97.63815899947322, 30.509315999240243 ], [ -97.652391999864534, 30.528222999821985 ], [ -97.655035000429137, 30.545192000092023 ], [ -97.692667999691508, 30.558172999813529 ], [ -97.686574000940823, 30.512974999907946 ], [ -97.747759000698665, 30.537887999550133 ], [ -97.757922999336145, 30.539162000125675 ], [ -97.781220999761956, 30.573690999321876 ], [ -97.804581999381298, 30.590540999559831 ], [ -97.819879000365759, 30.582367000181421 ], [ -97.836474999647919, 30.588020000478739 ], [ -97.9001290005709, 30.568913999625625 ], [ -97.867866000119406, 30.546499000417551 ], [ -97.87141599996707, 30.52271400027114 ], [ -97.855765000177257, 30.507400999301691 ], [ -97.862248000028274, 30.497308999930823 ], [ -97.846560000738009, 30.473424999348438 ], [ -97.811863000832645, 30.447017999922387 ], [ -97.790674000050672, 30.448731000245154 ], [ -97.779371999402429, 30.439426999417705 ], [ -97.756655999524128, 30.455454000198902 ], [ -97.755556000355128, 30.472469999343186 ], [ -97.715798000062847, 30.480175999919819 ], [ -97.705336999482824, 30.47747199990301 ], [ -97.682584000125658, 30.502818000245014 ], [ -97.664526999660779, 30.496270999358824 ], [ -97.590306000456209, 30.497180000503832 ], [ -97.568254999555805, 30.499725000378287 ], [ -97.543141000560169, 30.479161000412965 ], [ -97.501347999584425, 30.477292000673479 ], [ -97.466916999595583, 30.465190000433754 ], [ -97.434113000098861, 30.459719000280089 ], [ -97.415251999222818, 30.438337000229499 ], [ -97.391505000511927, 30.436858000596718 ], [ -97.38339000053756, 30.424149999812474 ], [ -97.334462999492118, 30.402843000250613 ], [ -97.15521900036677, 30.457344000317629 ], [ -96.965009999633224, 30.556499999920192 ], [ -96.621400000099172, 30.730719999437355 ], [ -96.599466999953634, 30.728633999286959 ], [ -96.596976999661464, 30.7174520000308 ], [ -96.565529999867536, 30.696272000560111 ], [ -96.457630000425397, 30.744473999718398 ], [ -96.423395000172434, 30.792710000806267 ], [ -96.410142999674648, 30.825844000393939 ], [ -96.387408000517922, 30.864012000506499 ], [ -96.365641999144387, 30.884547000480786 ], [ -96.361820000352111, 30.896873999419949 ], [ -96.33800100073924, 30.92053100054984 ], [ -96.242093999143805, 30.975833999333265 ], [ -96.238286000770245, 30.997722000393569 ], [ -96.260779000602142, 31.008444999591642 ], [ -96.241844000313733, 31.05677799953337 ], [ -96.26893600027168, 31.077681000506654 ], [ -96.280201000683746, 31.094243999641563 ], [ -96.276991000717118, 31.11627999935909 ], [ -96.299187000194891, 31.148016000460125 ], [ -96.299361000530268, 31.184211000740362 ], [ -96.311746000572938, 31.198121000321304 ], [ -96.310432000183695, 31.217201000680099 ], [ -96.32202799995585, 31.256885999410329 ], [ -96.313916000464886, 31.271180999895513 ], [ -96.327630000680358, 31.284876000746102 ], [ -96.324912000372478, 31.309096999543605 ], [ -96.314945999569503, 31.342855999262792 ], [ -96.32017499921038, 31.375176000140737 ], [ -96.000119999094281, 31.521953000398714 ], [ -95.787300000419151, 31.618385000552202 ], [ -95.795636000008585, 31.628929999889099 ], [ -95.789736999216231, 31.646212000704914 ], [ -95.795816000039181, 31.674774999584113 ], [ -95.810561000339618, 31.673461000464116 ], [ -95.835323999639826, 31.695596999568355 ], [ -95.872512000890197, 31.693008000228922 ], [ -95.880023000738063, 31.703519000033559 ], [ -95.867136999050146, 31.718189000066463 ], [ -95.875936999303036, 31.755503000734695 ], [ -95.89796500074948, 31.766963000744223 ], [ -95.924240999892149, 31.765850000529635 ], [ -95.953018999719163, 31.776283999220468 ], [ -95.963065999895662, 31.789425999705749 ], [ -95.983448999215227, 31.789978999692085 ], [ -95.973231999307217, 31.819135999288203 ], [ -95.977910000079561, 31.833240999663126 ], [ -95.9945429996109, 31.843359000631498 ], [ -95.987618999312602, 31.858783999258605 ], [ -96.004831000544513, 31.872639000373898 ], [ -96.027621999884673, 31.877875000299859 ], [ -96.019980999233155, 31.902885000417207 ], [ -96.00616999982887, 31.924291999699971 ], [ -96.037751000989928, 31.94839099923221 ], [ -96.054687999616604, 31.948224999174496 ], [ -96.052478000017857, 31.964028000690902 ], [ -96.064860000428141, 31.980947000209241 ], [ -96.049045000668727, 31.997244999459831 ], [ -96.054780000467034, 32.012526000464661 ] ] ] } },
{ "type": "Feature", "properties": { "District": 18 }, "geometry": { "type": "Polygon", "coordinates": [ [ [ -95.205959000334971, 29.932322000566334 ], [ -95.258049999645678, 29.935624999420209 ], [ -95.287425000014736, 29.940870000152401 ], [ -95.335838000890732, 29.819875000475356 ], [ -95.352082999160316, 29.819738999585653 ], [ -95.353323000172196, 29.799998999721652 ], [ -95.353002999697608, 29.778343000665366 ], [ -95.367855000946633, 29.764464999402669 ], [ -95.385729999510644, 29.761680999634031 ], [ -95.379979000159281, 29.737953000178333 ], [ -95.412125999329334, 29.697311999642242 ], [ -95.442776999388045, 29.690582000646895 ], [ -95.456356000616992, 29.681174000360645 ], [ -95.487064999378589, 29.675282999292975 ], [ -95.496314999664435, 29.678454999645137 ], [ -95.568629999078894, 29.674132000551229 ], [ -95.582702000661385, 29.653951999304812 ], [ -95.59781699953696, 29.646812000232032 ], [ -95.597780999630302, 29.633022000767181 ], [ -95.582659000031882, 29.623852999396849 ], [ -95.582825999512721, 29.580582000530811 ], [ -95.540172000710925, 29.570481000349503 ], [ -95.55510299980125, 29.554999000084873 ], [ -95.54672900090948, 29.542694999823137 ], [ -95.504634000247805, 29.530035000422028 ], [ -95.446299999158569, 29.499637000438256 ], [ -95.435304999450992, 29.539924999243084 ], [ -95.424285999996485, 29.580312000160102 ], [ -95.3928100000238, 29.581663999461743 ], [ -95.375414000221738, 29.588278000416018 ], [ -95.346412999466892, 29.585545999168961 ], [ -95.331639999031765, 29.59910400071556 ], [ -95.317886000031081, 29.597987999891771 ], [ -95.31774499939911, 29.620900000615894 ], [ -95.304663999543962, 29.620858000321551 ], [ -95.314894000650298, 29.654951999212024 ], [ -95.289082000557912, 29.674023999421287 ], [ -95.293263999256823, 29.6804840000312 ], [ -95.32167200006684, 29.677744999803352 ], [ -95.332544999301149, 29.71863799923236 ], [ -95.302907999551934, 29.753949999451638 ], [ -95.312522999897411, 29.765336000090709 ], [ -95.311902999923689, 29.787420000088972 ], [ -95.288376000878245, 29.788207000061512 ], [ -95.278255999815627, 29.76639000038745 ], [ -95.281118999797229, 29.74855999982746 ], [ -95.253595999453069, 29.733438999834465 ], [ -95.256056000582987, 29.768179000359943 ], [ -95.269335000505492, 29.794557999199338 ], [ -95.28013999982069, 29.802473000130529 ], [ -95.185166000770025, 29.843708999274259 ], [ -95.186882999217815, 29.86978099985452 ], [ -95.201393999579764, 29.888186000178468 ], [ -95.199382000284004, 29.92456500020435 ], [ -95.205959000334971, 29.932322000566334 ] ] ] } },
{ "type": "Feature", "properties": { "District": 19 }, "geometry": { "type": "Polygon", "coordinates": [ [ [ -99.631413000821325, 32.081274000784774 ], [ -99.630842999835608, 32.341347000260825 ], [ -99.629799999143771, 32.436586000421705 ], [ -99.497046000356519, 32.412921000282104 ], [ -99.454767000292165, 32.407209000755039 ], [ -99.454445999236057, 32.457338999876995 ], [ -99.418782999933896, 32.479308000400557 ], [ -99.397054000574443, 32.515110000190759 ], [ -99.096049999862757, 32.514767999613881 ], [ -99.096015999674464, 32.957037000087929 ], [ -98.950875000953843, 32.956917999337101 ], [ -98.954096999312199, 33.36983999926084 ], [ -98.953938000948312, 33.397533999595247 ], [ -99.404630000519873, 33.398819999337185 ], [ -99.87537100003199, 33.39760800074064 ], [ -100.125380000110511, 33.397384999742236 ], [ -100.250384000241922, 33.398034999476216 ], [ -100.500392000167409, 33.397674000102249 ], [ -100.625396999771212, 33.399061000268162 ], [ -100.750325000027928, 33.398285000337992 ], [ -101.038787999175298, 33.397214000003842 ], [ -101.038855000663602, 33.500087999712768 ], [ -101.041424000074386, 33.875080000693245 ], [ -101.041483999456204, 34.312444000101408 ], [ -101.471579999249172, 34.312289999639141 ], [ -101.47204900051679, 34.492750000210862 ], [ -101.47156200089178, 34.747462000373517 ], [ -101.740713000770924, 34.747529000759258 ], [ -101.998493000816964, 34.748190000493331 ], [ -102.370898000503061, 34.746023999338362 ], [ -102.625490000140232, 34.747309999457414 ], [ -103.042982000332373, 34.747361000036094 ], [ -103.043874000455872, 34.221266000691294 ], [ -103.043651000127468, 34.003639000720511 ], [ -103.064624999379546, 32.999899000148169 ], [ -103.064806999785588, 32.857603000605444 ], [ -103.064516000139491, 32.087051000227433 ], [ -102.801558999431876, 32.087152999525301 ], [ -102.799085999721669, 32.085795000464188 ], [ -102.706920000013909, 32.086732000679397 ], [ -102.21782599936715, 32.086795999373614 ], [ -101.767668000123749, 32.086889000526206 ], [ -101.238980000328297, 32.087322999594491 ], [ -101.101193000822335, 32.086747999846665 ], [ -100.750385000672708, 32.08625499977488 ], [ -100.484638999341371, 32.082932000037125 ], [ -100.32508199926464, 32.081413999982502 ], [ -100.235205000240754, 32.082370999935385 ], [ -100.008949000469499, 32.082338000110873 ], [ -99.807380999870304, 32.081203000572017 ], [ -99.713943999144519, 32.082089000785004 ], [ -99.631413000821325, 32.081274000784774 ] ] ] } },
{ "type": "Feature", "properties": { "District": 20 }, "geometry": { "type": "Polygon", "coordinates": [ [ [ -98.552108999130738, 29.383714999617926 ], [ -98.527515999525178, 29.38229000008052 ], [ -98.460116999705747, 29.384104999201888 ], [ -98.448354999933613, 29.398103999778201 ], [ -98.389385000482747, 29.398302999721356 ], [ -98.389386999808139, 29.423369999211051 ], [ -98.360737000531415, 29.421160000717617 ], [ -98.360728000044602, 29.445221999760935 ], [ -98.319328000426296, 29.461345999529598 ], [ -98.312128000612987, 29.482882999295494 ], [ -98.312789000069031, 29.508844000240902 ], [ -98.397102000067946, 29.510271999715304 ], [ -98.415305000585164, 29.506517999531727 ], [ -98.43357700041021, 29.493809999588752 ], [ -98.410177000043291, 29.478235999775869 ], [ -98.413979000376258, 29.456424999534303 ], [ -98.428028999476595, 29.456401000641893 ], [ -98.446248999335765, 29.444623999589023 ], [ -98.455666000292311, 29.461167000716614 ], [ -98.474163000471862, 29.473511000535517 ], [ -98.492270000451072, 29.468160999934792 ], [ -98.491724000758325, 29.49232000016821 ], [ -98.527926000722132, 29.516300999560588 ], [ -98.548963000443692, 29.500822999457533 ], [ -98.555885000310354, 29.523056999578028 ], [ -98.58154400026892, 29.543662000780913 ], [ -98.600118000799498, 29.5234909993668 ], [ -98.618169000808862, 29.51960200001426 ], [ -98.662405000137582, 29.519019000257025 ], [ -98.662357999387424, 29.499572000519851 ], [ -98.7001600005417, 29.50408500004788 ], [ -98.726792999641972, 29.479609000467608 ], [ -98.725418000602843, 29.462790000534781 ], [ -98.7583439991202, 29.461307000271201 ], [ -98.752116000498575, 29.445550999853978 ], [ -98.72285699929725, 29.439110999552721 ], [ -98.720096999248725, 29.417503000606928 ], [ -98.697447999278637, 29.38347499931368 ], [ -98.653665000230035, 29.396239999245847 ], [ -98.607074000355354, 29.406534000346475 ], [ -98.646893999832244, 29.449519000449445 ], [ -98.610518000738921, 29.452502999741572 ], [ -98.599709999359376, 29.438670000599135 ], [ -98.599661000116313, 29.407836999971337 ], [ -98.562385000608288, 29.398756999556081 ], [ -98.552108999130738, 29.383714999617926 ] ] ] } },
{ "type": "Feature", "properties": { "District": 21 }, "geometry": { "type": "Polygon", "coordinates": [ [ [ -98.125555999349857, 30.426185999425183 ], [ -98.411461999535234, 30.502095000547449 ], [ -98.625480999806982, 30.499297000711952 ], [ -98.875321000800312, 30.499212999352174 ], [ -99.000326999786012, 30.498076000774223 ], [ -99.236692999538107, 30.4988470006708 ], [ -99.303995999436268, 30.499832000129228 ], [ -99.301717999348696, 30.286653000760122 ], [ -99.754141999614035, 30.290697999465017 ], [ -99.757621000163681, 30.07413199921611 ], [ -99.918028999476761, 30.073636999692482 ], [ -99.917482000401748, 30.078596999225407 ], [ -99.967625999589572, 30.082356000685145 ], [ -99.97304600088458, 30.024591000546216 ], [ -99.98967200061351, 30.025747000665898 ], [ -100.002301999884239, 29.896828000744502 ], [ -100.023412999758463, 29.883134000634037 ], [ -100.019556000416841, 29.869589000007291 ], [ -100.0314019999756, 29.84100400005131 ], [ -100.017074999791177, 29.812007000809579 ], [ -100.013290999608998, 29.794339000579928 ], [ -100.035958000605248, 29.77937000045349 ], [ -100.021860999728148, 29.745275000700371 ], [ -100.026369999116483, 29.723183999210082 ], [ -100.046678000211045, 29.706596999513707 ], [ -100.045791000351258, 29.694923999758942 ], [ -100.016953999608504, 29.676822999483282 ], [ -100.030302999960611, 29.663256000521432 ], [ -100.007274999429939, 29.632018000647896 ], [ -100.0141880007845, 29.623494999717355 ], [ -99.751764999571165, 29.624771999643361 ], [ -99.603938999495497, 29.627177999579963 ], [ -99.359578999932083, 29.627340999470725 ], [ -99.12531299921271, 29.624321000679316 ], [ -98.983787000636696, 29.623449999684329 ], [ -98.97612600075179, 29.61326399957683 ], [ -98.987068000262113, 29.584663000716866 ], [ -98.985201999259658, 29.564078999678653 ], [ -98.964728000259512, 29.558900999257325 ], [ -98.927161000808852, 29.562250000812767 ], [ -98.778782000403979, 29.720166999866983 ], [ -98.737770000816695, 29.716746999919376 ], [ -98.723233999945123, 29.729614000352896 ], [ -98.699888000074665, 29.732705999287589 ], [ -98.645466000724227, 29.747855000244737 ], [ -98.617092000037957, 29.739098000756226 ], [ -98.586681999684174, 29.742451000414061 ], [ -98.575216000749435, 29.750000999306334 ], [ -98.543718000859727, 29.752051999931368 ], [ -98.503974000356536, 29.738644000484133 ], [ -98.457494000556977, 29.731563999297489 ], [ -98.443851999115907, 29.719650000284187 ], [ -98.453848999405409, 29.682471999351218 ], [ -98.449501999698001, 29.651970999543483 ], [ -98.465110999912497, 29.621188999711318 ], [ -98.482351999250199, 29.564831999605779 ], [ -98.504078999677574, 29.581391000408761 ], [ -98.514331999989707, 29.579156999853573 ], [ -98.520667999453892, 29.557885000385319 ], [ -98.54134799981027, 29.551291999437833 ], [ -98.562900000132558, 29.568865000231106 ], [ -98.577394999403595, 29.593713999985059 ], [ -98.601438000513255, 29.603838999304724 ], [ -98.608355000030585, 29.620499000616714 ], [ -98.628697000666179, 29.610528000074723 ], [ -98.628923999951027, 29.592908999906051 ], [ -98.681805999143876, 29.538579999866496 ], [ -98.7001600005417, 29.50408500004788 ], [ -98.662357999387424, 29.499572000519851 ], [ -98.662405000137582, 29.519019000257025 ], [ -98.618169000808862, 29.51960200001426 ], [ -98.600118000799498, 29.5234909993668 ], [ -98.58154400026892, 29.543662000780913 ], [ -98.555885000310354, 29.523056999578028 ], [ -98.548963000443692, 29.500822999457533 ], [ -98.527926000722132, 29.516300999560588 ], [ -98.491724000758325, 29.49232000016821 ], [ -98.492270000451072, 29.468160999934792 ], [ -98.474163000471862, 29.473511000535517 ], [ -98.455666000292311, 29.461167000716614 ], [ -98.446248999335765, 29.444623999589023 ], [ -98.428028999476595, 29.456401000641893 ], [ -98.413979000376258, 29.456424999534303 ], [ -98.410177000043291, 29.478235999775869 ], [ -98.43357700041021, 29.493809999588752 ], [ -98.434597999076104, 29.509251999458368 ], [ -98.445778999432306, 29.522503999634122 ], [ -98.428465000681939, 29.534474999314114 ], [ -98.442972000512967, 29.54722700029178 ], [ -98.467885000251442, 29.552635999262463 ], [ -98.451326000200396, 29.568976000768743 ], [ -98.450510999417389, 29.604400999216782 ], [ -98.428998000117033, 29.600092999312366 ], [ -98.351344999336732, 29.603377999536672 ], [ -98.328650999336361, 29.608233000641086 ], [ -98.310927999165898, 29.594473000278406 ], [ -98.202118000175844, 29.636191999991841 ], [ -98.089277000166902, 29.6839310004483 ], [ -97.999216000528875, 29.752485000062237 ], [ -97.943564000408927, 29.80691399948147 ], [ -97.875258999081922, 29.858207999691768 ], [ -97.902590999305644, 29.854961000425991 ], [ -97.920385000362671, 29.87287099989862 ], [ -97.899870999610044, 29.889437999398762 ], [ -97.911484000540739, 29.906594999825163 ], [ -97.922681999464629, 29.897133999277607 ], [ -97.935508999662389, 29.921219000258919 ], [ -97.947870000264402, 29.926079999214114 ], [ -97.961228999650231, 29.949390999547816 ], [ -97.987367999244924, 29.966623000227077 ], [ -98.003909000583448, 29.983313000632347 ], [ -98.000217999547189, 30.001798000543086 ], [ -98.008212999604382, 30.010092000382759 ], [ -98.010418999640436, 30.043634000412119 ], [ -98.026043000607757, 30.048072000070672 ], [ -98.045973999457814, 30.070513000158677 ], [ -98.044469000469846, 30.144015999460677 ], [ -98.00877800023278, 30.153468999539324 ], [ -98.000104000139956, 30.190039999419458 ], [ -97.977852000928763, 30.202637000336793 ], [ -97.952892000753764, 30.161765999847528 ], [ -97.929269999050177, 30.175021000466916 ], [ -97.929646000219861, 30.182303999760943 ], [ -97.969337000232045, 30.210672000541255 ], [ -98.172976999310634, 30.356312000775194 ], [ -98.125555999349857, 30.426185999425183 ] ] ] } },
{ "type": "Feature", "properties": { "District": 22 }, "geometry": { "type": "Polygon", "coordinates": [ [ [ -95.687082000917371, 29.710077999517459 ], [ -95.658737000925328, 29.729109000177587 ], [ -95.646586000150947, 29.747289999340115 ], [ -95.646652000574107, 29.779263000062585 ], [ -95.66027799929131, 29.784477999664606 ], [ -95.718929999495998, 29.784912999667256 ], [ -95.718966999726206, 29.800884000224166 ], [ -95.70376499981019, 29.815055000620823 ], [ -95.739418999977474, 29.817367000089728 ], [ -95.752458000485973, 29.831839000381752 ], [ -95.757071000888828, 29.860789000488538 ], [ -95.773658999428505, 29.860669999675892 ], [ -95.773835000504675, 29.87515499944671 ], [ -95.85675300017823, 29.874248999821436 ], [ -95.825975000007531, 29.788616000245298 ], [ -95.950930999201958, 29.74076900024836 ], [ -95.971286999132531, 29.740454000622215 ], [ -95.970939999578036, 29.728553999709529 ], [ -96.032711000177898, 29.727944000180436 ], [ -96.011605000115026, 29.719843000403177 ], [ -96.004524999853913, 29.708227999435643 ], [ -96.014524000379467, 29.693588999202742 ], [ -96.057222000380605, 29.681942999264106 ], [ -96.043840000628492, 29.665793000203916 ], [ -96.029663999207841, 29.675222999745444 ], [ -96.016038999114997, 29.66371600007361 ], [ -96.024849999712302, 29.602876999261479 ], [ -96.076176999740767, 29.602014999445764 ], [ -96.062498000010791, 29.591612000315514 ], [ -96.059998000270525, 29.568660000097427 ], [ -96.044500999335426, 29.561826000748205 ], [ -96.041671000720498, 29.54026900040742 ], [ -96.055146999471717, 29.539864000741215 ], [ -96.053918000589206, 29.512009000560656 ], [ -96.024713999281843, 29.5073370004902 ], [ -96.026074999802248, 29.495334000451749 ], [ -96.059536999070659, 29.490170000580385 ], [ -96.060675999658514, 29.476473000305305 ], [ -96.031776000779388, 29.441334999972469 ], [ -96.008365000463698, 29.429479000254524 ], [ -95.992933999889118, 29.433627999454924 ], [ -95.982061000232804, 29.41076600058857 ], [ -95.973429999532698, 29.41144500071891 ], [ -95.967388999953243, 29.381970000102662 ], [ -95.949659999211818, 29.374997999622781 ], [ -95.939510000246628, 29.352534000155948 ], [ -95.950643000343163, 29.336576999827177 ], [ -95.892753000317668, 29.310937000827618 ], [ -95.897540999178204, 29.299282999431455 ], [ -95.879599999838547, 29.266761000052913 ], [ -95.856934000857962, 29.267971000228584 ], [ -95.841948000180395, 29.258707000563572 ], [ -95.87402799924746, 29.229701999191573 ], [ -95.844666999622092, 29.204676000027817 ], [ -95.857805000152112, 29.193315000115639 ], [ -95.838371000813126, 29.176564000452917 ], [ -95.850703000906307, 29.151876999389142 ], [ -95.837541000597056, 29.129913999684817 ], [ -95.84149900038777, 29.098620000262496 ], [ -95.829042000415328, 29.08892099920245 ], [ -95.805799000552113, 29.090413000320996 ], [ -95.793665000460706, 29.072486000224121 ], [ -95.765636000521368, 29.061265999400955 ], [ -95.783886000064882, 29.042838000678106 ], [ -95.778339000214217, 28.997053000152189 ], [ -95.767167000703566, 28.988710999753273 ], [ -95.764937000234596, 28.967358999687868 ], [ -95.705462000502422, 28.968617999294654 ], [ -95.655397999729601, 28.951710999441534 ], [ -95.645822000833277, 28.938888000340814 ], [ -95.651899999609086, 28.925681999310871 ], [ -95.641670000318058, 28.903749000432107 ], [ -95.623242999468047, 28.893713999480248 ], [ -95.579239999297712, 28.859613000426954 ], [ -95.579020999265609, 28.839627999915706 ], [ -95.56770800036459, 28.829758000559153 ], [ -95.507086000127217, 28.825001000678913 ], [ -95.49565000091971, 28.764836999640885 ], [ -95.420070999089234, 28.805624999718336 ], [ -95.401702999330382, 28.805914999919285 ], [ -95.353470999212107, 28.817862999623166 ], [ -95.322112999973044, 28.834442000442309 ], [ -95.308121000166182, 28.858830000702895 ], [ -95.227227999795844, 28.910378999577183 ], [ -95.180507000010124, 28.949243000723325 ], [ -95.13946900090005, 28.991696999671635 ], [ -95.105446999874914, 29.016047999718506 ], [ -95.094335999877885, 29.032239999683231 ], [ -95.091621999839177, 29.062738999173948 ], [ -95.129934999518284, 29.085617999254946 ], [ -95.056574999259965, 29.199856000390565 ], [ -95.08315299955585, 29.241262000290885 ], [ -95.195918000734025, 29.409459999382253 ], [ -95.208335000873063, 29.419909999953948 ], [ -95.227351000591426, 29.423207999895425 ], [ -95.233554000620089, 29.409462999814654 ], [ -95.277300999942128, 29.410492000418525 ], [ -95.29974399982477, 29.401732000484252 ], [ -95.334198999861428, 29.381365999608118 ], [ -95.3233150007772, 29.371007000202798 ], [ -95.362397000606393, 29.352643000540528 ], [ -95.418630000259981, 29.351396000514619 ], [ -95.418694999859284, 29.341335999275238 ], [ -95.58286799994076, 29.338150999637861 ], [ -95.58048300019378, 29.360863000567559 ], [ -95.56729000010013, 29.389694999242817 ], [ -95.547576999221263, 29.395197000034102 ], [ -95.545825000304035, 29.407735000310844 ], [ -95.555935999192897, 29.425343999913363 ], [ -95.550124999148139, 29.441150999623801 ], [ -95.534022999900628, 29.442508999683152 ], [ -95.532992999619168, 29.458216000414367 ], [ -95.543756999381998, 29.466854000199767 ], [ -95.545159000100597, 29.489188000472382 ], [ -95.55375899988428, 29.503506000244553 ], [ -95.583281999692289, 29.520342000580413 ], [ -95.583140000378037, 29.55243199962592 ], [ -95.589163000735127, 29.567138999441497 ], [ -95.582825999512721, 29.580582000530811 ], [ -95.582659000031882, 29.623852999396849 ], [ -95.597780999630302, 29.633022000767181 ], [ -95.59781699953696, 29.646812000232032 ], [ -95.582702000661385, 29.653951999304812 ], [ -95.597057000755427, 29.66060100032842 ], [ -95.62300000022411, 29.662200999194187 ], [ -95.639872999995077, 29.671141999286064 ], [ -95.639234999121399, 29.644477000066455 ], [ -95.651523999246507, 29.644393999199949 ], [ -95.649937999631902, 29.615824999397915 ], [ -95.639821999569222, 29.606867999541731 ], [ -95.640264000958524, 29.577416999295643 ], [ -95.64721999964145, 29.561400999875016 ], [ -95.673422999139362, 29.565283000608815 ], [ -95.690357000857333, 29.561588999595347 ], [ -95.702657999819436, 29.537601999489056 ], [ -95.737652999422579, 29.542231999552435 ], [ -95.71758500032594, 29.571619000373111 ], [ -95.714174999178013, 29.626308999791686 ], [ -95.683770999755581, 29.616535000344356 ], [ -95.674361999279341, 29.633493000705585 ], [ -95.68206199937606, 29.645725000411531 ], [ -95.709090999238668, 29.649348000753619 ], [ -95.714987999591699, 29.665052000774391 ], [ -95.744392000606183, 29.664557000302079 ], [ -95.765360999355551, 29.680932999186375 ], [ -95.7754699996499, 29.700571999311034 ], [ -95.691003000593767, 29.707410000054626 ], [ -95.687082000917371, 29.710077999517459 ] ] ] } },
{ "type": "Feature", "properties": { "District": 23 }, "geometry": { "type": "Polygon", "coordinates": [ [ [ -102.799085999721669, 32.085795000464188 ], [ -102.801558999431876, 32.087152999525301 ], [ -103.064516000139491, 32.087051000227433 ], [ -103.0645100000892, 32.000423999260256 ], [ -103.375458000758655, 32.000333999217027 ], [ -103.625466000615333, 32.000244000563221 ], [ -104.100978000018841, 31.999972000443979 ], [ -104.588419999095123, 32.000266999494109 ], [ -104.754556000630529, 32.000527000447406 ], [ -104.772105999386355, 31.997486000536433 ], [ -104.84773999931484, 32.000414999400078 ], [ -105.245187999430343, 32.000206999847954 ], [ -105.698518000144077, 32.001416000783991 ], [ -106.099734000721483, 32.002646000484525 ], [ -106.443915999393738, 32.001187999480067 ], [ -106.409242999498375, 32.001006999502991 ], [ -106.407938000584508, 31.94339899987941 ], [ -106.391572000362274, 31.928407999296144 ], [ -106.370643000689697, 31.927171999830691 ], [ -106.388573999618202, 31.89891399930157 ], [ -106.355372999508816, 31.893024000288438 ], [ -106.321993999687933, 31.836520000612317 ], [ -106.272915000478179, 31.819660999803034 ], [ -106.26560099941257, 31.833828000240437 ], [ -106.205635000409515, 31.833707999208677 ], [ -106.200105000208339, 31.815594000441461 ], [ -106.199054000353541, 31.72614899999369 ], [ -106.216066000629795, 31.726104999215107 ], [ -106.215331000623351, 31.66854599919737 ], [ -106.198241000600348, 31.668520000089263 ], [ -106.198102000145383, 31.609326999628223 ], [ -106.214868000179052, 31.614089999960772 ], [ -106.24420400016254, 31.60052099965424 ], [ -106.253634999717619, 31.611464999815347 ], [ -106.295671999855102, 31.60103700056391 ], [ -106.280142000029045, 31.561461999782018 ], [ -106.244853999982737, 31.537960000693001 ], [ -106.237224000801604, 31.513858000322891 ], [ -106.223915999686938, 31.499272000474114 ], [ -106.219619999484621, 31.481560999335915 ], [ -106.200119000225868, 31.462410999232016 ], [ -106.17238899946706, 31.453076999608978 ], [ -106.154607999592017, 31.435894000531217 ], [ -106.132290999199725, 31.425080999283249 ], [ -106.110111999099033, 31.423016999994974 ], [ -106.075306999760286, 31.397614999892959 ], [ -106.006923999732592, 31.392824000043358 ], [ -105.969280999697872, 31.365696000558557 ], [ -105.953544000552213, 31.364502999493645 ], [ -105.947525000112194, 31.338976000167687 ], [ -105.931584999428381, 31.312781000558878 ], [ -105.90862899953116, 31.31274500008038 ], [ -105.895110000238759, 31.291309000417733 ], [ -105.869294000700421, 31.288954999183261 ], [ -105.834749000167548, 31.245910000636901 ], [ -105.794287000787989, 31.202285999663317 ], [ -105.78331400060739, 31.198105999512979 ], [ -105.774028000455928, 31.168473999186546 ], [ -105.741283999070646, 31.164204000127327 ], [ -105.708400000043611, 31.135929999205903 ], [ -105.648839000675338, 31.115877000286677 ], [ -105.642683999612842, 31.099583000413567 ], [ -105.628518999086012, 31.098654999845945 ], [ -105.606437999293391, 31.085277999839693 ], [ -105.584993999078662, 31.056964000232213 ], [ -105.577387999768192, 31.019672000557097 ], [ -105.557225999225537, 30.989672999848768 ], [ -105.532675999870648, 30.98469699962363 ], [ -105.498979999155253, 30.950825999396859 ], [ -105.45142099999056, 30.924680999999705 ], [ -105.442559999680768, 30.909723000045847 ], [ -105.413801999122015, 30.899566999832619 ], [ -105.39941499971556, 30.88830500023343 ], [ -105.386724000421879, 30.853306000697529 ], [ -105.339166000449296, 30.840405000117808 ], [ -105.318923999951835, 30.825056000664123 ], [ -105.316961999205603, 30.810936999879644 ], [ -105.288512000838878, 30.818516000270222 ], [ -105.250211999667385, 30.799028000180648 ], [ -105.217783000699427, 30.805946000736519 ], [ -105.185999000703859, 30.784550000547675 ], [ -105.156119999959742, 30.769583000559827 ], [ -105.143885000307094, 30.755188000200413 ], [ -105.116808999514873, 30.743058999352815 ], [ -105.098179000111386, 30.716479000013035 ], [ -105.087801000129176, 30.71561500071336 ], [ -105.062485999927588, 30.686532000689379 ], [ -105.02661799951116, 30.679427999811473 ], [ -105.007796000726302, 30.686221000225238 ], [ -104.986110000265256, 30.662766999676908 ], [ -104.983830000933381, 30.634805000244313 ], [ -104.971410999900428, 30.609845999521053 ], [ -104.959620999898164, 30.610583000286816 ], [ -104.9336750004598, 30.599572000314193 ], [ -104.899052000771562, 30.570768999363974 ], [ -104.889270999516782, 30.535378000284638 ], [ -104.871907000311495, 30.510629000250212 ], [ -104.873928000266432, 30.495572000178029 ], [ -104.865961000427646, 30.464667999777156 ], [ -104.861445999738777, 30.427123000150605 ], [ -104.847632000023737, 30.413979000444069 ], [ -104.859397000298088, 30.391125000500978 ], [ -104.837437999744353, 30.37384699989914 ], [ -104.820056999445626, 30.374642000835497 ], [ -104.810904000872384, 30.363170999415452 ], [ -104.81180500089701, 30.333953000075944 ], [ -104.797258999558551, 30.330348000271034 ], [ -104.786008999839481, 30.31628399922959 ], [ -104.761442000201328, 30.300816000449316 ], [ -104.760963999223577, 30.276632000004632 ], [ -104.749615000509735, 30.261312999419793 ], [ -104.733722000236313, 30.261399000059818 ], [ -104.713315999157786, 30.237805000669635 ], [ -104.69713799924132, 30.191568000548923 ], [ -104.687075999980266, 30.179342000714364 ], [ -104.690984999816891, 30.117888000130421 ], [ -104.694381000176278, 30.101887999972835 ], [ -104.6858290008106, 30.082063000213672 ], [ -104.70724900041003, 30.050134000539888 ], [ -104.703953000094614, 30.023748000226888 ], [ -104.693539000564854, 30.007930999763484 ], [ -104.682386999766891, 29.971849999817696 ], [ -104.685202999942845, 29.957228999292457 ], [ -104.675861000840044, 29.915537000764473 ], [ -104.658965999237665, 29.901340000188586 ], [ -104.645875000188383, 29.87831499964901 ], [ -104.633929000331904, 29.871205999539988 ], [ -104.629084000779187, 29.852013000521378 ], [ -104.609530000095404, 29.839860999282109 ], [ -104.608391999950186, 29.827750999815173 ], [ -104.578725999157854, 29.782621000278997 ], [ -104.565929000838693, 29.771467999485434 ], [ -104.569112999408304, 29.751656000210339 ], [ -104.549795999549204, 29.740641000140947 ], [ -104.544198000840169, 29.681270999945383 ], [ -104.52498000087428, 29.665973999628381 ], [ -104.514031000334455, 29.638630000448234 ], [ -104.498003000625332, 29.639694999677992 ], [ -104.477325999883689, 29.628619000567856 ], [ -104.466752000825792, 29.609387000414042 ], [ -104.452781999899585, 29.604021000384492 ], [ -104.398920999085078, 29.571897000463622 ], [ -104.394880999669198, 29.556281999320518 ], [ -104.338200999586107, 29.520181999407047 ], [ -104.296788999709676, 29.524127999420219 ], [ -104.262174999782616, 29.513501000315685 ], [ -104.235004999932926, 29.495777000757968 ], [ -104.230697999131536, 29.478668999403713 ], [ -104.209153000417999, 29.481467999681016 ], [ -104.211165999781556, 29.449754999300989 ], [ -104.194638999097108, 29.441992999852481 ], [ -104.18079199997193, 29.425860999532734 ], [ -104.179724000764068, 29.410603000691726 ], [ -104.168380000643126, 29.396135999420302 ], [ -104.141157999529128, 29.377822999855624 ], [ -104.123215000258014, 29.380483999475423 ], [ -104.106873999969466, 29.373440000608792 ], [ -104.082256000490091, 29.346063999478698 ], [ -104.020218000160312, 29.312048000132108 ], [ -103.97205900012473, 29.296055000772437 ], [ -103.925720000649662, 29.294372000492601 ], [ -103.912078000018596, 29.283744000645367 ], [ -103.898599999622107, 29.287074000358913 ], [ -103.863335000591732, 29.279220000491502 ], [ -103.81423600030304, 29.273945999830225 ], [ -103.799364000244452, 29.258437000717826 ], [ -103.783625999257481, 29.265324000516173 ], [ -103.775072000399462, 29.247954000160046 ], [ -103.7820290004897, 29.227264000704693 ], [ -103.759067000240989, 29.233281000183744 ], [ -103.756362000131062, 29.219936999592971 ], [ -103.718560999377772, 29.180826000720511 ], [ -103.703735000474296, 29.184414999289789 ], [ -103.656712000808355, 29.169359999954434 ], [ -103.633656999119879, 29.158579999453583 ], [ -103.611243000541961, 29.165367000505054 ], [ -103.596281000283781, 29.151914999687982 ], [ -103.580008999402722, 29.149524000206718 ], [ -103.556867999550107, 29.155501999532746 ], [ -103.524835000068933, 29.13712299985529 ], [ -103.523854999557585, 29.121246999645191 ], [ -103.499888999691592, 29.115376000269105 ], [ -103.485390999210395, 29.095695999377046 ], [ -103.469935999181118, 29.085316999990997 ], [ -103.470106999360567, 29.066193999563957 ], [ -103.450019000110615, 29.065733999275075 ], [ -103.434609999286138, 29.057557000768952 ], [ -103.415413999237714, 29.037880999697816 ], [ -103.388433999166551, 29.033862000728643 ], [ -103.386816999996924, 29.021735000647897 ], [ -103.353900999655352, 29.022225000470897 ], [ -103.34490099956605, 29.045161000135391 ], [ -103.327247999627573, 29.032721000041203 ], [ -103.338750999765452, 29.020276999246377 ], [ -103.286159999719317, 29.000257999784935 ], [ -103.265735000590112, 28.995670000092815 ], [ -103.250416000751301, 28.980429999482624 ], [ -103.20383399995481, 28.987230000573764 ], [ -103.170824000320266, 28.980570999770578 ], [ -103.15389600044324, 28.971606000343431 ], [ -103.135989000357043, 28.983371000351287 ], [ -103.118509999860436, 28.983714999272287 ], [ -103.117477999858693, 28.99777400059557 ], [ -103.097848000690078, 29.027036000215194 ], [ -103.10650599925458, 29.038178999560575 ], [ -103.100133999775991, 29.060674999549999 ], [ -103.053887000088153, 29.100748999373309 ], [ -103.033879000089328, 29.100971999845207 ], [ -103.014258999157676, 29.124978000207776 ], [ -102.995913999540079, 29.161134000069715 ], [ -102.997901999340783, 29.175119000475878 ], [ -102.978739999536657, 29.186432999457509 ], [ -102.950887999883975, 29.178162000676657 ], [ -102.932974999693243, 29.194507999950961 ], [ -102.917234000898389, 29.191787999991895 ], [ -102.899490999309705, 29.209460000747853 ], [ -102.878346000420478, 29.214055999326103 ], [ -102.867473999624963, 29.22388299971043 ], [ -102.871031999529194, 29.240706000150269 ], [ -102.887817999909572, 29.24579600044504 ], [ -102.906382000332442, 29.26205500044162 ], [ -102.90235199951762, 29.280127000550394 ], [ -102.88817799981399, 29.293359000283459 ], [ -102.892971000099351, 29.309150999440245 ], [ -102.87987499971014, 29.339147999974195 ], [ -102.877725999127563, 29.354799999428661 ], [ -102.860581999357706, 29.351533999284925 ], [ -102.845303000081586, 29.357698999489106 ], [ -102.845194000257408, 29.37366900040913 ], [ -102.834022999963878, 29.379056000146484 ], [ -102.825611999527951, 29.39694599926402 ], [ -102.83326100079222, 29.410975999876882 ], [ -102.832480000532783, 29.432431000422373 ], [ -102.823105000726031, 29.46329899993918 ], [ -102.80721300054347, 29.494049999329278 ], [ -102.808195000021954, 29.523114999671332 ], [ -102.778382000340073, 29.543592000440963 ], [ -102.773866000005697, 29.573124000304805 ], [ -102.762192000232247, 29.580105000408764 ], [ -102.768640999510509, 29.594680000653145 ], [ -102.740153999787509, 29.598174000349005 ], [ -102.734509999285621, 29.642143000323273 ], [ -102.693538999100127, 29.676956999913223 ], [ -102.698550999271063, 29.695544999767122 ], [ -102.689035000633112, 29.705038000306853 ], [ -102.691373000612742, 29.721371999870478 ], [ -102.677218999208108, 29.741051999628453 ], [ -102.645757999959088, 29.733874000309541 ], [ -102.622789999948168, 29.736338999326229 ], [ -102.614959999619742, 29.746653999439758 ], [ -102.589207000384931, 29.749068999208006 ], [ -102.572094999548554, 29.757473999662562 ], [ -102.56569699943168, 29.770928000398943 ], [ -102.547977999491451, 29.744643999414979 ], [ -102.513000000819673, 29.76656900011805 ], [ -102.514939000680641, 29.784298999623516 ], [ -102.487251999916907, 29.786584999279629 ], [ -102.473233000293419, 29.776017999425054 ], [ -102.43422799958428, 29.776945999756347 ], [ -102.404536999085508, 29.76518099972456 ], [ -102.385028000240027, 29.770501999928111 ], [ -102.38967400042759, 29.782600999839495 ], [ -102.362928999437585, 29.831489000079387 ], [ -102.364672000160283, 29.844445000795666 ], [ -102.341610000379461, 29.869049999906945 ], [ -102.322711000035824, 29.865660000677334 ], [ -102.320272000346421, 29.87930099942578 ], [ -102.299997000104625, 29.87736899982885 ], [ -102.261495000228138, 29.853240999641059 ], [ -102.230856999177774, 29.847868000296419 ], [ -102.22185299938306, 29.840365000558588 ], [ -102.188942000365657, 29.848809000670268 ], [ -102.159795999079122, 29.814685000391872 ], [ -102.116722999878121, 29.793038000078095 ], [ -102.084378999218529, 29.79506399954774 ], [ -102.071246000909724, 29.787012000115233 ], [ -102.049023000472744, 29.785671999595998 ], [ -102.035818000913963, 29.804063000308936 ], [ -102.014464999511162, 29.79764299991 ], [ -101.981567000415424, 29.815019999440189 ], [ -101.964717000138961, 29.809313999651476 ], [ -101.955480000437447, 29.795333000657887 ], [ -101.933806000814087, 29.797032999437235 ], [ -101.924915000891858, 29.784030999733016 ], [ -101.910476000028524, 29.798292999762484 ], [ -101.8757720007019, 29.793796000166829 ], [ -101.849826999333558, 29.807279000498667 ], [ -101.837595000215913, 29.793363999266358 ], [ -101.78853100017291, 29.77927199962668 ], [ -101.782766999891606, 29.789320999647547 ], [ -101.712056000478853, 29.762777000521197 ], [ -101.690108999245155, 29.771050999345036 ], [ -101.681440000614089, 29.760783999577026 ], [ -101.662994000057708, 29.771059999738316 ], [ -101.646935999861256, 29.754565000767471 ], [ -101.62965999943269, 29.769173000590367 ], [ -101.606647999411564, 29.77411300075239 ], [ -101.577539999792833, 29.769074000781774 ], [ -101.567749000238166, 29.798726999726139 ], [ -101.541900999629533, 29.810781000761882 ], [ -101.535009999909548, 29.797679000070659 ], [ -101.539190999200656, 29.761774000017034 ], [ -101.500389000813172, 29.765868000629766 ], [ -101.478863999574557, 29.784085000553418 ], [ -101.455798999483363, 29.788049000477809 ], [ -101.448880999438913, 29.750698999808094 ], [ -101.436269999548188, 29.7519210001369 ], [ -101.410932999230795, 29.770151999720476 ], [ -101.400154999258675, 29.760082999486421 ], [ -101.415584000248742, 29.746533999460937 ], [ -101.397009000386731, 29.733963000659333 ], [ -101.398361999520517, 29.716999999845772 ], [ -101.375385999289932, 29.701806999902107 ], [ -101.37269600067556, 29.67805699947737 ], [ -101.363218000935433, 29.652638000035086 ], [ -101.347863000244985, 29.662208999203902 ], [ -101.3141350004678, 29.659053999808606 ], [ -101.300027000401343, 29.640702000029822 ], [ -101.311706000076796, 29.615371999417867 ], [ -101.311636000920316, 29.585126999398327 ], [ -101.29096199932836, 29.571537000640514 ], [ -101.27787800006719, 29.590810000609483 ], [ -101.28049399917488, 29.615180999808029 ], [ -101.26223299992202, 29.630607000785862 ], [ -101.247333000128961, 29.618480000230665 ], [ -101.252296999829099, 29.604166999354618 ], [ -101.241030000302445, 29.565028000713109 ], [ -101.261176000776373, 29.53677599921188 ], [ -101.254894999864703, 29.520341000143691 ], [ -101.235272999724643, 29.524853999637713 ], [ -101.192715999848076, 29.520284999633208 ], [ -101.17382399975584, 29.514567999526498 ], [ -101.171663999538694, 29.503951000318267 ], [ -101.151877000514204, 29.477005000603697 ], [ -101.130037999911167, 29.478420000282025 ], [ -101.11525399933663, 29.468458999538043 ], [ -101.087149000928775, 29.469414000333803 ], [ -101.060151000385432, 29.458661000375443 ], [ -101.056957000082292, 29.440772999273424 ], [ -101.04336399911098, 29.429879999304525 ], [ -101.0366040007968, 29.406108000252772 ], [ -101.020255999384446, 29.392250999870615 ], [ -101.003953000867824, 29.364703000046756 ], [ -100.950727000448836, 29.347710999902905 ], [ -100.941265000604787, 29.333925999742078 ], [ -100.886842000322531, 29.307848000524459 ], [ -100.878125999889789, 29.280859999324502 ], [ -100.856386000581367, 29.275753999356919 ], [ -100.834040000874424, 29.261399999295751 ], [ -100.800060000350967, 29.248797000455763 ], [ -100.774484000750121, 29.209931000364591 ], [ -100.76600399924051, 29.185847000338303 ], [ -100.775904999641654, 29.173343999661597 ], [ -100.75807200014934, 29.156321000118609 ], [ -100.73968099915291, 29.150485999457011 ], [ -100.737794999925129, 29.139078999529652 ], [ -100.709965999202765, 29.119683999639953 ], [ -100.692978000397389, 29.115384000328234 ], [ -100.675200000675218, 29.100740999623348 ], [ -100.664021000391784, 29.074163999968537 ], [ -100.660207999093643, 29.03149700077331 ], [ -100.648663999514923, 29.000243000590523 ], [ -100.647268000903594, 28.955457000234947 ], [ -100.651541999770075, 28.945577000066269 ], [ -100.638857000021432, 28.927621999754379 ], [ -100.63161100038397, 28.902839000312841 ], [ -100.618215999648626, 28.908521999490532 ], [ -100.602595000791169, 28.902213999515343 ], [ -100.602172000366508, 28.886617000006773 ], [ -100.5910400000257, 28.863053999681171 ], [ -100.572991999661014, 28.848464000724679 ], [ -100.576865999493137, 28.835156999749714 ], [ -100.546576000479135, 28.824923000551358 ], [ -100.532430999696047, 28.791062999725654 ], [ -100.537771999588671, 28.780775999230528 ], [ -100.50761299937669, 28.740598999896882 ], [ -100.511997999542714, 28.705351999513375 ], [ -100.501887999792913, 28.667632999243246 ], [ -100.471549999168786, 28.684402999777046 ], [ -100.447967999553512, 28.663966999733454 ], [ -100.4363879995514, 28.671339999194306 ], [ -100.420531999121479, 28.665568000124708 ], [ -100.383079000017673, 28.690458999728996 ], [ -100.370964999460412, 28.690078000606327 ], [ -100.31859699961251, 28.672839999861552 ], [ -100.116648999652469, 28.630494999871477 ], [ -100.114336000175825, 28.648122000527302 ], [ -99.935943000826725, 28.646458999997702 ], [ -99.87533299985077, 28.643933999615708 ], [ -99.526761000094723, 28.642573000213652 ], [ -99.41234899922722, 28.640511999723852 ], [ -99.213681999418327, 28.643888000789559 ], [ -98.800840999528972, 28.647486999412205 ], [ -98.804795000104406, 29.024586999865473 ], [ -98.804762999065858, 29.250693000718822 ], [ -98.804592000104179, 29.323343999302416 ], [ -98.717340000357254, 29.343168000148154 ], [ -98.709259999782518, 29.351544000142098 ], [ -98.68686699912017, 29.327808000177022 ], [ -98.671198000614339, 29.328158000577577 ], [ -98.671118999519081, 29.34628400060565 ], [ -98.646382999685187, 29.347197999892824 ], [ -98.646482000815922, 29.360633000641343 ], [ -98.620902000179726, 29.366390000282145 ], [ -98.613174000231894, 29.376832999685163 ], [ -98.576371000110683, 29.359247999859988 ], [ -98.552108999130738, 29.383714999617926 ], [ -98.562385000608288, 29.398756999556081 ], [ -98.599661000116313, 29.407836999971337 ], [ -98.599709999359376, 29.438670000599135 ], [ -98.610518000738921, 29.452502999741572 ], [ -98.646893999832244, 29.449519000449445 ], [ -98.607074000355354, 29.406534000346475 ], [ -98.653665000230035, 29.396239999245847 ], [ -98.697447999278637, 29.38347499931368 ], [ -98.720096999248725, 29.417503000606928 ], [ -98.72285699929725, 29.439110999552721 ], [ -98.752116000498575, 29.445550999853978 ], [ -98.7583439991202, 29.461307000271201 ], [ -98.725418000602843, 29.462790000534781 ], [ -98.726792999641972, 29.479609000467608 ], [ -98.7001600005417, 29.50408500004788 ], [ -98.681805999143876, 29.538579999866496 ], [ -98.628923999951027, 29.592908999906051 ], [ -98.628697000666179, 29.610528000074723 ], [ -98.608355000030585, 29.620499000616714 ], [ -98.601438000513255, 29.603838999304724 ], [ -98.577394999403595, 29.593713999985059 ], [ -98.562900000132558, 29.568865000231106 ], [ -98.54134799981027, 29.551291999437833 ], [ -98.520667999453892, 29.557885000385319 ], [ -98.514331999989707, 29.579156999853573 ], [ -98.504078999677574, 29.581391000408761 ], [ -98.482351999250199, 29.564831999605779 ], [ -98.465110999912497, 29.621188999711318 ], [ -98.449501999698001, 29.651970999543483 ], [ -98.453848999405409, 29.682471999351218 ], [ -98.443851999115907, 29.719650000284187 ], [ -98.457494000556977, 29.731563999297489 ], [ -98.503974000356536, 29.738644000484133 ], [ -98.543718000859727, 29.752051999931368 ], [ -98.575216000749435, 29.750000999306334 ], [ -98.586681999684174, 29.742451000414061 ], [ -98.617092000037957, 29.739098000756226 ], [ -98.645466000724227, 29.747855000244737 ], [ -98.699888000074665, 29.732705999287589 ], [ -98.723233999945123, 29.729614000352896 ], [ -98.737770000816695, 29.716746999919376 ], [ -98.778782000403979, 29.720166999866983 ], [ -98.927161000808852, 29.562250000812767 ], [ -98.964728000259512, 29.558900999257325 ], [ -98.985201999259658, 29.564078999678653 ], [ -98.987068000262113, 29.584663000716866 ], [ -98.97612600075179, 29.61326399957683 ], [ -98.983787000636696, 29.623449999684329 ], [ -99.12531299921271, 29.624321000679316 ], [ -99.359578999932083, 29.627340999470725 ], [ -99.603938999495497, 29.627177999579963 ], [ -99.751764999571165, 29.624771999643361 ], [ -100.0141880007845, 29.623494999717355 ], [ -100.007274999429939, 29.632018000647896 ], [ -100.030302999960611, 29.663256000521432 ], [ -100.016953999608504, 29.676822999483282 ], [ -100.045791000351258, 29.694923999758942 ], [ -100.046678000211045, 29.706596999513707 ], [ -100.026369999116483, 29.723183999210082 ], [ -100.021860999728148, 29.745275000700371 ], [ -100.035958000605248, 29.77937000045349 ], [ -100.013290999608998, 29.794339000579928 ], [ -100.017074999791177, 29.812007000809579 ], [ -100.0314019999756, 29.84100400005131 ], [ -100.019556000416841, 29.869589000007291 ], [ -100.023412999758463, 29.883134000634037 ], [ -100.002301999884239, 29.896828000744502 ], [ -99.98967200061351, 30.025747000665898 ], [ -99.97304600088458, 30.024591000546216 ], [ -99.967625999589572, 30.082356000685145 ], [ -99.917482000401748, 30.078596999225407 ], [ -99.918028999476761, 30.073636999692482 ], [ -99.757621000163681, 30.07413199921611 ], [ -99.754141999614035, 30.290697999465017 ], [ -99.875346000432017, 30.290228000797615 ], [ -100.116460999322015, 30.290295999684691 ], [ -100.116872999835209, 30.39238600042945 ], [ -100.116161000322904, 30.625182000055023 ], [ -100.116672000855942, 30.809931000320333 ], [ -100.115215999913744, 31.087994000558702 ], [ -100.250362000928675, 31.088484000006396 ], [ -100.491393000243434, 31.087766000494153 ], [ -100.729632999698509, 31.085738000672883 ], [ -101.000385999754826, 31.081868999569135 ], [ -101.274799000345681, 31.079378999266094 ], [ -101.271895999519401, 31.293764999424933 ], [ -101.26875600083315, 31.448330999258811 ], [ -101.267122000660621, 31.650853999338707 ], [ -101.881286000912013, 31.651358999463994 ], [ -102.363582000331164, 31.651151999510173 ], [ -102.597685999219664, 31.651084999488152 ], [ -102.798938999611934, 31.651782999320154 ], [ -102.797552000511246, 31.772708999435956 ], [ -102.798361999818809, 31.846116000663159 ], [ -102.799085999721669, 32.085795000464188 ] ] ] } },
{ "type": "Feature", "properties": { "District": 24 }, "geometry": { "type": "Polygon", "coordinates": [ [ [ -96.779620000264387, 32.894995000167924 ], [ -96.774980000126618, 32.90961900018646 ], [ -96.780966000652711, 32.924347000084921 ], [ -96.820752999302314, 32.926067000664936 ], [ -96.823664999550971, 32.950540999469851 ], [ -96.855758000461663, 32.933456999252321 ], [ -96.87189899958679, 32.946350000006568 ], [ -96.903552999774476, 32.942465999911235 ], [ -96.923605000821823, 32.974865000449142 ], [ -96.939882000376201, 32.988821999380065 ], [ -97.299329000815561, 32.991281999792378 ], [ -97.307299000939807, 32.978739999522332 ], [ -97.316958000503149, 32.926567999504719 ], [ -97.317092000609023, 32.876504999822522 ], [ -97.314213000103649, 32.860891999937884 ], [ -97.263977999593351, 32.860512000553335 ], [ -97.264510999897823, 32.815987000478557 ], [ -97.244386999346787, 32.809098999248434 ], [ -97.236276999133963, 32.794054999541252 ], [ -97.198802999397003, 32.807643999806132 ], [ -97.169366999770347, 32.805564999247004 ], [ -97.138614000356782, 32.814720999990762 ], [ -97.118358000665395, 32.814613000694713 ], [ -97.105085000727158, 32.822432000478585 ], [ -97.073604999479528, 32.822481999900923 ], [ -97.058148999331834, 32.84114700071742 ], [ -97.033840000301396, 32.838531999721667 ], [ -97.0044290006322, 32.877921000654176 ], [ -96.991496999899709, 32.878926000712397 ], [ -96.99151500085226, 32.902728000699391 ], [ -96.962606999163086, 32.890462000128032 ], [ -96.95871800078973, 32.915704999756642 ], [ -96.967706999316249, 32.92534400030069 ], [ -96.967569000533942, 32.947476999372299 ], [ -96.942527000434652, 32.946157000799822 ], [ -96.938496000149172, 32.913985999964915 ], [ -96.928376000210633, 32.895688000182552 ], [ -96.898154000877938, 32.896059000652009 ], [ -96.898114000916053, 32.908161000589075 ], [ -96.864002999349154, 32.909723000322515 ], [ -96.862277999770811, 32.895238000112343 ], [ -96.846326999793661, 32.880299000160498 ], [ -96.849835999796369, 32.858248000535816 ], [ -96.821311000016877, 32.851173999420396 ], [ -96.818456999126411, 32.823135000062891 ], [ -96.802333000538013, 32.816229000750418 ], [ -96.770189000555519, 32.817365999886363 ], [ -96.770162000271029, 32.831361999775083 ], [ -96.769911999485274, 32.890305999688543 ], [ -96.779620000264387, 32.894995000167924 ] ] ] } },
{ "type": "Feature", "properties": { "District": 25 }, "geometry": { "type": "Polygon", "coordinates": [ [ [ -97.033840000301396, 32.838531999721667 ], [ -97.058148999331834, 32.84114700071742 ], [ -97.073604999479528, 32.822481999900923 ], [ -97.105085000727158, 32.822432000478585 ], [ -97.118358000665395, 32.814613000694713 ], [ -97.138614000356782, 32.814720999990762 ], [ -97.169366999770347, 32.805564999247004 ], [ -97.198802999397003, 32.807643999806132 ], [ -97.236276999133963, 32.794054999541252 ], [ -97.256676999593381, 32.780420000446895 ], [ -97.276850999756363, 32.752031999656147 ], [ -97.294612000320086, 32.751609999603211 ], [ -97.293059000639133, 32.71980300003343 ], [ -97.307465999256195, 32.700296999565793 ], [ -97.310817999688055, 32.669224000430951 ], [ -97.33428400015265, 32.66405599956024 ], [ -97.381165999992817, 32.675090000316175 ], [ -97.416361000583137, 32.645430999743219 ], [ -97.412742000687501, 32.615425000439373 ], [ -97.448979000895505, 32.588166999965907 ], [ -97.462053000665975, 32.569499000174829 ], [ -97.493582999938951, 32.578594000500651 ], [ -97.513509000944282, 32.593922000428876 ], [ -97.550368000970678, 32.580322999210381 ], [ -97.548200999836794, 32.776113999298033 ], [ -97.559236999387238, 32.782038999414276 ], [ -97.597883999736368, 32.785442999317084 ], [ -97.67434200023807, 32.786328999558975 ], [ -97.666775999313472, 32.770128999273147 ], [ -97.674471000018698, 32.750023000430581 ], [ -97.668045999397151, 32.724911999679762 ], [ -97.675419000470711, 32.705473000822948 ], [ -97.65041000021975, 32.692161000200514 ], [ -97.615621999186459, 32.692458000657432 ], [ -97.616202999678208, 32.709905000163197 ], [ -97.592541000522914, 32.700537999533573 ], [ -97.585868000248823, 32.672290999759376 ], [ -97.588075999179367, 32.641939999304583 ], [ -97.578537000242321, 32.635978999813517 ], [ -97.578354999146484, 32.610381999193798 ], [ -97.595461000647816, 32.614971999933331 ], [ -97.615065999651478, 32.630717999456003 ], [ -97.651097999209, 32.639880000587311 ], [ -97.66134299956812, 32.649548999943939 ], [ -97.701751999793586, 32.66404399973375 ], [ -97.705687000101349, 32.678988999852407 ], [ -97.73763599978524, 32.693563000752718 ], [ -97.762786999136196, 32.695841000560904 ], [ -97.781084999177708, 32.715416000198964 ], [ -97.845349000034105, 32.716785000609804 ], [ -97.849912999987851, 32.728237000717662 ], [ -97.884926000124082, 32.726498999434234 ], [ -97.996314000252966, 32.6887680005809 ], [ -98.032070000585733, 32.665879999592619 ], [ -98.038577999056528, 32.649151999427879 ], [ -98.06436900078269, 32.637235999509336 ], [ -98.056093999066675, 33.003332000498183 ], [ -97.92164199929276, 33.001283999475724 ], [ -97.91877300071836, 33.2492679995486 ], [ -97.919112999051237, 33.307435999958138 ], [ -97.91818899974021, 33.4338729996797 ], [ -97.978966999527771, 33.433747999580198 ], [ -97.978919000007494, 33.467129000509892 ], [ -98.126377000526077, 33.466219999894676 ], [ -98.421419000840203, 33.466796999575614 ], [ -98.420666000927554, 33.396195000561612 ], [ -98.62306600080224, 33.395420000049519 ], [ -98.750338999482295, 33.395656999535028 ], [ -98.953938000948312, 33.397533999595247 ], [ -98.954096999312199, 33.36983999926084 ], [ -98.950875000953843, 32.956917999337101 ], [ -99.096015999674464, 32.957037000087929 ], [ -99.096049999862757, 32.514767999613881 ], [ -99.397054000574443, 32.515110000190759 ], [ -99.418782999933896, 32.479308000400557 ], [ -99.454445999236057, 32.457338999876995 ], [ -99.454767000292165, 32.407209000755039 ], [ -99.497046000356519, 32.412921000282104 ], [ -99.629799999143771, 32.436586000421705 ], [ -99.630842999835608, 32.341347000260825 ], [ -99.631413000821325, 32.081274000784774 ], [ -99.500347999050007, 32.079873999377249 ], [ -99.250341999221931, 32.080065000035134 ], [ -98.924400999975987, 32.078018000337295 ], [ -98.668441000103712, 31.700513999423844 ], [ -98.595796000945384, 31.710931000531474 ], [ -98.492801999208993, 31.723608000249715 ], [ -98.463736000492403, 31.683988999322743 ], [ -98.156568000031626, 31.841713000114446 ], [ -98.208385999186049, 31.917510999859907 ], [ -98.005462000056554, 32.017896999579769 ], [ -97.86540500096244, 32.087057999420196 ], [ -97.701308999716289, 32.170538000341892 ], [ -97.630885000389853, 32.207402999823493 ], [ -97.59758799963376, 32.203725000412838 ], [ -97.589649000218515, 32.190882999583906 ], [ -97.568475000857148, 32.176469999926844 ], [ -97.55521100088302, 32.149414000268514 ], [ -97.516121000885704, 32.133611999493723 ], [ -97.508422999225729, 32.140289999470397 ], [ -97.512361999895177, 32.160593000536686 ], [ -97.49334900052385, 32.165135000250004 ], [ -97.485819999369483, 32.196618000047827 ], [ -97.496176000281096, 32.212361000700817 ], [ -97.500216999926096, 32.233941999662285 ], [ -97.510071000813113, 32.240951999300499 ], [ -97.496069999409514, 32.257962000653663 ], [ -97.466751000850991, 32.272745000671662 ], [ -97.452118999283215, 32.296809999598139 ], [ -97.45803599935374, 32.319552999391142 ], [ -97.422688999709322, 32.335090000418511 ], [ -97.383959999349912, 32.337587000680806 ], [ -97.380812999299224, 32.345674000458892 ], [ -97.386550999916523, 32.380936999270084 ], [ -97.373677999754591, 32.381662999498573 ], [ -97.371094000647744, 32.403388000650224 ], [ -97.384157000756758, 32.437241000361425 ], [ -97.383989999289014, 32.471053999465973 ], [ -97.374358000839962, 32.49010500008422 ], [ -97.319489000303051, 32.552690000395891 ], [ -97.301311000242748, 32.560633000201619 ], [ -97.290621999456761, 32.57459299991676 ], [ -97.292781000145936, 32.597346999783134 ], [ -97.264932000401373, 32.603218000112868 ], [ -97.256737999275131, 32.621419999831062 ], [ -97.24284399978545, 32.631801999626724 ], [ -97.247987000193675, 32.645804999234855 ], [ -97.238559000831685, 32.667425000749908 ], [ -97.217172999948644, 32.669449000712824 ], [ -97.218305000668636, 32.684644000172035 ], [ -97.200155999935518, 32.689672999428105 ], [ -97.203571999852983, 32.711937999260208 ], [ -97.198790000215311, 32.727744999396712 ], [ -97.098474000588794, 32.738788000823995 ], [ -97.062735999727252, 32.748955999965943 ], [ -97.062743000799699, 32.779029000655335 ], [ -97.034933999957076, 32.779929000031721 ], [ -97.033840000301396, 32.838531999721667 ] ] ] } },
{ "type": "Feature", "properties": { "District": 26 }, "geometry": { "type": "Polygon", "coordinates": [ [ [ -96.944610999503936, 33.949217000054809 ], [ -96.973806999553929, 33.935696999672771 ], [ -96.996251000388881, 33.942664000688701 ], [ -96.983815000502076, 33.893186000150678 ], [ -96.997087999766151, 33.871017000179272 ], [ -97.021438000687624, 33.846378999477807 ], [ -97.040119999749152, 33.837728000648603 ], [ -97.055837999504988, 33.855740999299719 ], [ -97.06953600049755, 33.860364999466341 ], [ -97.087247000796438, 33.853448000310287 ], [ -97.083450000961932, 33.840456000295987 ], [ -97.057598999958728, 33.836505999332552 ], [ -97.048323999320104, 33.817268999740755 ], [ -97.074839000411117, 33.813482999805174 ], [ -97.092645999134561, 33.804197999761897 ], [ -97.094273999306438, 33.787962000799148 ], [ -97.085191000929797, 33.764737999417896 ], [ -97.086122000460037, 33.744586000146796 ], [ -97.095643999149544, 33.72922199998434 ], [ -97.123578000079192, 33.717044000550516 ], [ -97.154367000724392, 33.724094000581012 ], [ -97.192968999657751, 33.760783999510153 ], [ -97.190397000685209, 33.78115299993329 ], [ -97.205704999310498, 33.802907999634762 ], [ -97.194677999052459, 33.831191999186451 ], [ -97.166823999673383, 33.84039500021845 ], [ -97.168685000553964, 33.856036999568218 ], [ -97.185458000735665, 33.900700000048182 ], [ -97.21260099908757, 33.915899999667047 ], [ -97.245049000903592, 33.903215999838345 ], [ -97.25563899907533, 33.863701999295849 ], [ -97.272868999342677, 33.861673999876466 ], [ -97.307632999720823, 33.888010999955242 ], [ -97.313982999086292, 33.86753499947185 ], [ -97.340051999708365, 33.859841000042266 ], [ -97.357333999633738, 33.831368999380892 ], [ -97.374689999285479, 33.818552000056812 ], [ -97.426798999191021, 33.818641000150393 ], [ -97.443944999446188, 33.823713000556417 ], [ -97.463201999179077, 33.843090000483528 ], [ -97.452181999319109, 33.868960000625314 ], [ -97.451058000367198, 33.891676000521393 ], [ -97.458342999504254, 33.901886999179546 ], [ -97.484163000501539, 33.915509999519685 ], [ -97.485513000454205, 33.625107000600487 ], [ -97.48706499978104, 33.433681000116458 ], [ -97.38301500047929, 33.432890000709115 ], [ -97.383094999234814, 33.430449999548713 ], [ -97.220091999659275, 33.425122000232129 ], [ -97.217287999735035, 33.348842999250692 ], [ -97.221439999248247, 33.325709999338393 ], [ -97.201199999113825, 33.321909999377425 ], [ -97.168749000732248, 33.323565999451326 ], [ -97.147901000945168, 33.331253999670885 ], [ -97.135615999825077, 33.311859000125352 ], [ -97.109064000471406, 33.284962000612794 ], [ -97.09611799970898, 33.27778000049814 ], [ -97.082633000127231, 33.28515899941295 ], [ -97.05826500030247, 33.277534999964409 ], [ -97.036669000268176, 33.255307999459525 ], [ -97.030730000237554, 33.216564000277991 ], [ -97.020278999473121, 33.199541999887721 ], [ -97.019817000179529, 33.177407999370359 ], [ -97.042108000304566, 33.181129000241079 ], [ -97.065530999276163, 33.168539999763212 ], [ -97.087025999731949, 33.163834999554965 ], [ -97.096428000869139, 33.132140000423298 ], [ -97.114694000427875, 33.1325229998343 ], [ -97.146201000556317, 33.147210999405779 ], [ -97.159267999936517, 33.179360000724643 ], [ -97.17315500094729, 33.175265000513285 ], [ -97.213743000535544, 33.199065999853858 ], [ -97.218253999979751, 33.221410000184775 ], [ -97.317419999607594, 33.220739999281328 ], [ -97.353930000118226, 33.224410000252149 ], [ -97.360950000252799, 33.216779999541117 ], [ -97.391606000857308, 33.218935000604986 ], [ -97.390937000736656, 33.24203899984132 ], [ -97.413645999457813, 33.250872999452973 ], [ -97.450197000129279, 33.245628999396288 ], [ -97.505689000019373, 33.24438600043031 ], [ -97.567891000705671, 33.240143000146936 ], [ -97.578523999705311, 33.248799999954706 ], [ -97.61834199927398, 33.245642000772349 ], [ -97.647271000359382, 33.255959999637938 ], [ -97.668699999327004, 33.273598000266283 ], [ -97.691329000269533, 33.276280999882687 ], [ -97.733951999525232, 33.292754999991082 ], [ -97.789126000761527, 33.293046000451533 ], [ -97.790552999940275, 33.319907000005458 ], [ -97.809275999073634, 33.315428999757735 ], [ -97.81050699909656, 33.297490999221232 ], [ -97.883007999549605, 33.321125000402851 ], [ -97.919112999051237, 33.307435999958138 ], [ -97.91877300071836, 33.2492679995486 ], [ -97.92164199929276, 33.001283999475724 ], [ -97.638955999344475, 32.995731000306542 ], [ -97.446056999666141, 32.99223699944141 ], [ -97.299329000815561, 32.991281999792378 ], [ -96.939882000376201, 32.988821999380065 ], [ -96.844122000863948, 32.987435000711457 ], [ -96.84186700059216, 33.085576000537515 ], [ -96.853386000612034, 33.106348000128122 ], [ -96.889393000415652, 33.103881999521612 ], [ -96.891531999218358, 33.120079000460358 ], [ -96.919989000273745, 33.130706000064741 ], [ -96.911849000067349, 33.154634000369398 ], [ -96.882223999666579, 33.163032999718659 ], [ -96.887157999377777, 33.219284999919907 ], [ -96.860540000741153, 33.229818999628471 ], [ -96.860880000723157, 33.247830000307012 ], [ -96.837992999565415, 33.256073000382706 ], [ -96.83411000024644, 33.405498000655172 ], [ -96.841098000688774, 33.41337700071518 ], [ -96.943860000670085, 33.416410000637747 ], [ -96.943341999173555, 33.622737000094951 ], [ -96.945125999169235, 33.846993000738514 ], [ -96.944610999503936, 33.949217000054809 ] ] ] } },
{ "type": "Feature", "properties": { "District": 27 }, "geometry": { "type": "Polygon", "coordinates": [ [ [ -96.09316500069832, 30.225187000408809 ], [ -96.105379000112777, 30.232870000771605 ], [ -96.084578000538883, 30.25125300019182 ], [ -96.099120000860054, 30.255173999493135 ], [ -96.091737000317181, 30.278012999851803 ], [ -96.10004600014156, 30.296689999515742 ], [ -96.149386000942769, 30.325186999720632 ], [ -96.160202999872411, 30.338486999708948 ], [ -96.152629999152438, 30.350310999544917 ], [ -96.158437999711268, 30.37836800069638 ], [ -96.193250000327808, 30.399645000233274 ], [ -96.19954400031358, 30.382909999967442 ], [ -96.235086000491251, 30.369720000207568 ], [ -96.285753000138968, 30.364689000346679 ], [ -96.312795000354043, 30.384300000561979 ], [ -96.340484999620415, 30.367924999679612 ], [ -96.360510999612046, 30.367844000419801 ], [ -96.422745000593451, 30.343372000699198 ], [ -96.456611999160231, 30.340624000007971 ], [ -96.496041000042155, 30.324357999571685 ], [ -96.512798999512597, 30.325988999319502 ], [ -96.540906999369128, 30.317985000014904 ], [ -96.556567999441938, 30.322305999538127 ], [ -96.568193999406645, 30.313594000733026 ], [ -96.605990000714272, 30.30211899933747 ], [ -96.630425000114116, 30.300429000705513 ], [ -96.657894999714429, 30.287777000458686 ], [ -96.684233999747832, 30.257949000559176 ], [ -96.706436999601408, 30.245331000560732 ], [ -96.731645000560306, 30.243885999665988 ], [ -96.743620000948582, 30.218134999742677 ], [ -96.741464000764495, 30.197567000627117 ], [ -96.794552000442337, 30.160545000291364 ], [ -96.84585700030965, 30.116027000283196 ], [ -97.019162999385657, 30.031999999540076 ], [ -97.081834000200359, 30.259357000147897 ], [ -97.199578000572615, 30.337832999679847 ], [ -97.25170699929717, 30.362848000443314 ], [ -97.306432000554395, 30.369362999507821 ], [ -97.358012999397559, 30.353444999763827 ], [ -97.3837960001743, 30.3602569996897 ], [ -97.398218000047876, 30.373965999601872 ], [ -97.434440000800549, 30.390803999907792 ], [ -97.449448000660496, 30.376685999384659 ], [ -97.513031000215847, 30.408880999942362 ], [ -97.52911900048376, 30.375769000310811 ], [ -97.538125999403277, 30.349398000707541 ], [ -97.500595000040917, 30.350565999577157 ], [ -97.517447000829577, 30.306263999754535 ], [ -97.526579999327296, 30.303666000700666 ], [ -97.559738999251039, 30.249735000673397 ], [ -97.544747999570674, 30.240795999751466 ], [ -97.541565999360941, 30.225865000365854 ], [ -97.556500999122207, 30.207732999556843 ], [ -97.576496999614747, 30.214266999733297 ], [ -97.608391000444385, 30.199219000100079 ], [ -97.639640000130939, 30.177315000796639 ], [ -97.66350500062417, 30.170336999395712 ], [ -97.687753999783325, 30.18299999965496 ], [ -97.69696399973455, 30.147588000201441 ], [ -97.694926000783653, 30.112320999402478 ], [ -97.719531000783903, 30.113968999926545 ], [ -97.740876000431967, 30.124162000451108 ], [ -97.755770000304224, 30.101182000223442 ], [ -97.781789000665128, 30.112653000241522 ], [ -97.778719000143823, 30.129695000146 ], [ -97.76593899997566, 30.145243000602438 ], [ -97.76865999994547, 30.156166999505199 ], [ -97.805640000149168, 30.154681999316495 ], [ -97.823056999477174, 30.148279999220549 ], [ -97.846116000558879, 30.149474999390574 ], [ -97.853239999565773, 30.178240999784762 ], [ -97.869085000630392, 30.195895999281738 ], [ -97.890590000644949, 30.174081999645168 ], [ -97.902145000702191, 30.207505000581456 ], [ -97.888304999971709, 30.229194999228831 ], [ -97.90981400010125, 30.234950999263816 ], [ -97.954972000254088, 30.222570999665994 ], [ -97.969337000232045, 30.210672000541255 ], [ -97.929646000219861, 30.182303999760943 ], [ -97.929269999050177, 30.175021000466916 ], [ -97.952892000753764, 30.161765999847528 ], [ -97.977852000928763, 30.202637000336793 ], [ -98.000104000139956, 30.190039999419458 ], [ -98.00877800023278, 30.153468999539324 ], [ -98.044469000469846, 30.144015999460677 ], [ -98.045973999457814, 30.070513000158677 ], [ -98.026043000607757, 30.048072000070672 ], [ -98.010418999640436, 30.043634000412119 ], [ -98.008212999604382, 30.010092000382759 ], [ -98.000217999547189, 30.001798000543086 ], [ -98.003909000583448, 29.983313000632347 ], [ -97.987367999244924, 29.966623000227077 ], [ -97.961228999650231, 29.949390999547816 ], [ -97.947870000264402, 29.926079999214114 ], [ -97.935508999662389, 29.921219000258919 ], [ -97.922681999464629, 29.897133999277607 ], [ -97.911484000540739, 29.906594999825163 ], [ -97.899870999610044, 29.889437999398762 ], [ -97.920385000362671, 29.87287099989862 ], [ -97.902590999305644, 29.854961000425991 ], [ -97.875258999081922, 29.858207999691768 ], [ -97.848634999662423, 29.843347999569335 ], [ -97.841548999610197, 29.82494100034145 ], [ -97.842351000280786, 29.799224000625657 ], [ -97.81956599911463, 29.789429999316425 ], [ -97.804897999722982, 29.767237999385252 ], [ -97.768881000258716, 29.741789000404854 ], [ -97.770960000821532, 29.732304999686168 ], [ -97.746090999188922, 29.711297999882234 ], [ -97.735720000714338, 29.691198000309814 ], [ -97.704557999991806, 29.682614999681572 ], [ -97.680497999600007, 29.663622999916516 ], [ -97.663365999765944, 29.666983000057431 ], [ -97.653558999629013, 29.656182999710961 ], [ -97.633176000071472, 29.649862999375827 ], [ -97.611884999458894, 29.636879000213735 ], [ -97.583918000213785, 29.638531000267324 ], [ -97.317893000681934, 29.784658000497185 ], [ -97.130516999123131, 29.643296000298751 ], [ -97.143262000209489, 29.62808900016282 ], [ -96.864996000472331, 29.632705999907575 ], [ -96.842338000117508, 29.612826000075589 ], [ -96.832811999399013, 29.57686300065123 ], [ -96.79313199931687, 29.577377999323819 ], [ -96.687581999422363, 29.466496000114461 ], [ -96.560554999195972, 29.335438999996541 ], [ -96.677170000398974, 29.250249999647096 ], [ -96.875259000350212, 29.110061000249782 ], [ -96.938586999699822, 29.06324399922854 ], [ -96.976377999670532, 29.104046000119045 ], [ -97.033188000498939, 29.06433300011587 ], [ -97.305916000591694, 28.86403700009442 ], [ -97.293193000499556, 28.84740799967102 ], [ -97.255941999476207, 28.848428000425145 ], [ -97.239229999903927, 28.853817999669495 ], [ -97.236240999802973, 28.864888999674037 ], [ -97.204998000565993, 28.855040000085307 ], [ -97.186238000319108, 28.832929000612427 ], [ -97.190182000805493, 28.812473000783687 ], [ -97.176324999639476, 28.790734000062191 ], [ -97.158933000239543, 28.776155999641418 ], [ -97.175708999647142, 28.742110999629663 ], [ -97.167731000038629, 28.727846000456804 ], [ -97.182358999426256, 28.610602000791452 ], [ -97.16571700001812, 28.585207000220215 ], [ -97.155035999805094, 28.548114000681672 ], [ -97.110221000218687, 28.553699000545631 ], [ -97.090836999198757, 28.534575000188028 ], [ -97.055867000327595, 28.550176999683831 ], [ -97.030616000110498, 28.541527000228797 ], [ -97.01944499907448, 28.520101000787481 ], [ -96.998405000147699, 28.494812000655795 ], [ -96.929084000722042, 28.464727000768715 ], [ -96.900429999543277, 28.457789999663916 ], [ -96.888827000274901, 28.447440000034963 ], [ -96.895081999938327, 28.425749999390963 ], [ -96.952719000114456, 28.280883000662271 ], [ -96.967529000617986, 28.266168999917294 ], [ -96.985390999562128, 28.230360000687213 ], [ -96.996357000688064, 28.172807999850935 ], [ -97.004603999154114, 28.142892000775309 ], [ -97.027805999747883, 28.109293999677686 ], [ -97.041229999550694, 28.071028000495481 ], [ -97.042527999424394, 28.036530999621817 ], [ -97.06077500001652, 28.004978000127352 ], [ -97.076754999479718, 27.993845999362495 ], [ -97.140659999451088, 27.910365999591455 ], [ -97.154396999910944, 27.929281999609469 ], [ -97.174829000664602, 27.927259999238828 ], [ -97.20933300003577, 27.881433000555784 ], [ -97.280402999297124, 27.917168999735487 ], [ -97.294881000074923, 27.91457900015709 ], [ -97.307537000852633, 27.897362000027439 ], [ -97.304994000011035, 27.879911999376223 ], [ -97.336703999413899, 27.884270999249441 ], [ -97.374686000900766, 27.875436999587627 ], [ -97.415342000860335, 27.869664000413554 ], [ -97.451702000434267, 27.868665000431868 ], [ -97.481166999868918, 27.859789000402202 ], [ -97.491758999464338, 27.881659999375678 ], [ -97.507919000390203, 27.877643999364224 ], [ -97.519775000123502, 27.861099999705058 ], [ -97.502817000170637, 27.846157000739854 ], [ -97.476381999251132, 27.824899000585027 ], [ -97.436734999520709, 27.825815999829416 ], [ -97.42029100031111, 27.816092000499086 ], [ -97.437438999979662, 27.803167999816097 ], [ -97.436159999390938, 27.760631000349573 ], [ -97.449884999397341, 27.746810999477717 ], [ -97.412979999462067, 27.728506000437772 ], [ -97.414604999282872, 27.749515999807155 ], [ -97.404159999364126, 27.774374000582878 ], [ -97.394856999684933, 27.78075500076314 ], [ -97.361670999569029, 27.735051000090813 ], [ -97.34124600059863, 27.722903000612764 ], [ -97.306917000209793, 27.709512999949659 ], [ -97.253863999706823, 27.696737000341532 ], [ -97.22799399968342, 27.675193000625026 ], [ -97.240505999675079, 27.635287999608821 ], [ -97.22032499979079, 27.632476999541005 ], [ -97.199631000600135, 27.621363999723343 ], [ -97.222257000662125, 27.576364999895759 ], [ -97.165097000706226, 27.56829999990757 ], [ -97.12526500056029, 27.640597000229516 ], [ -97.050221000759805, 27.750307999689401 ], [ -97.021855000487562, 27.78336399962501 ], [ -96.984280999335454, 27.803783000573784 ], [ -96.95949499961047, 27.875301999965391 ], [ -96.938546000661972, 27.901198999540998 ], [ -96.87526399959026, 27.969920000732717 ], [ -96.844196000334904, 28.000296000304864 ], [ -96.746250999149765, 28.079622000156487 ], [ -96.666137000780481, 28.137683999639663 ], [ -96.618784999097684, 28.169522000155219 ], [ -96.531000000195903, 28.221164000686731 ], [ -96.375251999529738, 28.290759999954098 ], [ -96.352686000617112, 28.312922999765696 ], [ -96.341806999980051, 28.342380999481765 ], [ -96.320762000726987, 28.362867999814252 ], [ -96.294175000240756, 28.368304999367481 ], [ -96.271766999690442, 28.38293399927948 ], [ -96.258190999413571, 28.407871999246471 ], [ -96.182241999968682, 28.452035999599691 ], [ -96.078331000789191, 28.500001000260959 ], [ -95.87524000038573, 28.582788000599393 ], [ -95.750237999428563, 28.638419000721765 ], [ -95.532018999907351, 28.750256000433495 ], [ -95.49565000091971, 28.764836999640885 ], [ -95.507086000127217, 28.825001000678913 ], [ -95.56770800036459, 28.829758000559153 ], [ -95.579020999265609, 28.839627999915706 ], [ -95.579239999297712, 28.859613000426954 ], [ -95.623242999468047, 28.893713999480248 ], [ -95.641670000318058, 28.903749000432107 ], [ -95.651899999609086, 28.925681999310871 ], [ -95.645822000833277, 28.938888000340814 ], [ -95.655397999729601, 28.951710999441534 ], [ -95.705462000502422, 28.968617999294654 ], [ -95.764937000234596, 28.967358999687868 ], [ -95.767167000703566, 28.988710999753273 ], [ -95.778339000214217, 28.997053000152189 ], [ -95.783886000064882, 29.042838000678106 ], [ -95.765636000521368, 29.061265999400955 ], [ -95.793665000460706, 29.072486000224121 ], [ -95.805799000552113, 29.090413000320996 ], [ -95.829042000415328, 29.08892099920245 ], [ -95.84149900038777, 29.098620000262496 ], [ -95.837541000597056, 29.129913999684817 ], [ -95.850703000906307, 29.151876999389142 ], [ -95.838371000813126, 29.176564000452917 ], [ -95.857805000152112, 29.193315000115639 ], [ -95.844666999622092, 29.204676000027817 ], [ -95.87402799924746, 29.229701999191573 ], [ -95.841948000180395, 29.258707000563572 ], [ -95.856934000857962, 29.267971000228584 ], [ -95.879599999838547, 29.266761000052913 ], [ -95.897540999178204, 29.299282999431455 ], [ -95.892753000317668, 29.310937000827618 ], [ -95.950643000343163, 29.336576999827177 ], [ -95.939510000246628, 29.352534000155948 ], [ -95.949659999211818, 29.374997999622781 ], [ -95.967388999953243, 29.381970000102662 ], [ -95.973429999532698, 29.41144500071891 ], [ -95.982061000232804, 29.41076600058857 ], [ -95.992933999889118, 29.433627999454924 ], [ -96.008365000463698, 29.429479000254524 ], [ -96.031776000779388, 29.441334999972469 ], [ -96.060675999658514, 29.476473000305305 ], [ -96.059536999070659, 29.490170000580385 ], [ -96.026074999802248, 29.495334000451749 ], [ -96.024713999281843, 29.5073370004902 ], [ -96.053918000589206, 29.512009000560656 ], [ -96.055146999471717, 29.539864000741215 ], [ -96.041671000720498, 29.54026900040742 ], [ -96.044500999335426, 29.561826000748205 ], [ -96.059998000270525, 29.568660000097427 ], [ -96.062498000010791, 29.591612000315514 ], [ -96.076176999740767, 29.602014999445764 ], [ -96.024849999712302, 29.602876999261479 ], [ -96.016038999114997, 29.66371600007361 ], [ -96.029663999207841, 29.675222999745444 ], [ -96.043840000628492, 29.665793000203916 ], [ -96.057222000380605, 29.681942999264106 ], [ -96.014524000379467, 29.693588999202742 ], [ -96.004524999853913, 29.708227999435643 ], [ -96.011605000115026, 29.719843000403177 ], [ -96.032711000177898, 29.727944000180436 ], [ -96.039843999378263, 29.737451999925124 ], [ -96.029596000330329, 29.754665999219757 ], [ -96.043009000698405, 29.779129000107844 ], [ -96.048911999666331, 29.803008000272335 ], [ -96.102495999091559, 29.809665000378207 ], [ -96.121313000709677, 29.841962999297394 ], [ -96.104515000898843, 29.850460000636939 ], [ -96.112227000843831, 29.872557000404029 ], [ -96.095808000445331, 29.876676000696385 ], [ -96.126267000749806, 29.898850000626293 ], [ -96.113170000445876, 29.914356000369729 ], [ -96.131649999968644, 29.937503999829481 ], [ -96.107691999481034, 29.959324999925318 ], [ -96.09570300037079, 29.978138999740111 ], [ -96.104516000477844, 29.996378000370822 ], [ -96.084541000926407, 30.005137000090162 ], [ -96.094709999818903, 30.025383999650604 ], [ -96.117213999759258, 30.050126000282589 ], [ -96.140629000725141, 30.058225000112547 ], [ -96.133780000176287, 30.070960000279001 ], [ -96.158420999185466, 30.091709000668832 ], [ -96.191417999438457, 30.134669000575308 ], [ -96.180661999850514, 30.155683999329618 ], [ -96.160031000388969, 30.161828999802996 ], [ -96.154562000889783, 30.177124000729666 ], [ -96.159009999705077, 30.206612999265122 ], [ -96.145074999825013, 30.218566000389522 ], [ -96.128228000640689, 30.211605000000372 ], [ -96.118017999318482, 30.224212000484414 ], [ -96.098935999239643, 30.214525000004574 ], [ -96.09316500069832, 30.225187000408809 ] ] ] } },
{ "type": "Feature", "properties": { "District": 28 }, "geometry": { "type": "Polygon", "coordinates": [ [ [ -98.00525200069589, 28.690238999902395 ], [ -98.125283999633425, 28.81423699977432 ], [ -98.168209000198885, 28.861276999901374 ], [ -98.184372999713389, 28.875259000528878 ], [ -98.270160999403657, 28.968873000360613 ], [ -98.407335999550895, 29.114434999653014 ], [ -98.804762999065858, 29.250693000718822 ], [ -98.804795000104406, 29.024586999865473 ], [ -98.800840999528972, 28.647486999412205 ], [ -99.213681999418327, 28.643888000789559 ], [ -99.41234899922722, 28.640511999723852 ], [ -99.526761000094723, 28.642573000213652 ], [ -99.87533299985077, 28.643933999615708 ], [ -99.935943000826725, 28.646458999997702 ], [ -100.114336000175825, 28.648122000527302 ], [ -100.116648999652469, 28.630494999871477 ], [ -100.31859699961251, 28.672839999861552 ], [ -100.370964999460412, 28.690078000606327 ], [ -100.383079000017673, 28.690458999728996 ], [ -100.420531999121479, 28.665568000124708 ], [ -100.4363879995514, 28.671339999194306 ], [ -100.447967999553512, 28.663966999733454 ], [ -100.471549999168786, 28.684402999777046 ], [ -100.501887999792913, 28.667632999243246 ], [ -100.462069000568903, 28.641108000413109 ], [ -100.44574900002695, 28.640626000190444 ], [ -100.447597999374878, 28.610065999953839 ], [ -100.431870999226106, 28.597841000298146 ], [ -100.398462000634183, 28.585168999210683 ], [ -100.39730100005535, 28.575577999833605 ], [ -100.411388000500594, 28.551959999730958 ], [ -100.405057999174744, 28.535780000621862 ], [ -100.386963000294315, 28.51402300003145 ], [ -100.334739999713321, 28.500260999271458 ], [ -100.344180999134551, 28.486248999532965 ], [ -100.367765000749401, 28.47501900032281 ], [ -100.341533999724192, 28.449571000034435 ], [ -100.336187000642113, 28.430181000401134 ], [ -100.349450000596391, 28.403714000099086 ], [ -100.341870999193816, 28.384952999854594 ], [ -100.317245000248818, 28.357381000071413 ], [ -100.314199000711142, 28.345858999584216 ], [ -100.288639000164594, 28.316976000542091 ], [ -100.294296000574036, 28.284380000034222 ], [ -100.257789000874311, 28.240339999774953 ], [ -100.246205000598295, 28.234091000024662 ], [ -100.223629000226623, 28.235222999996314 ], [ -100.217565000516018, 28.226933999605091 ], [ -100.21131300016286, 28.193898999227493 ], [ -100.174411999240945, 28.179448000693966 ], [ -100.159189999543173, 28.167646999407513 ], [ -100.141098999894183, 28.168147999980238 ], [ -100.119626999934852, 28.155588000067812 ], [ -100.08689799933768, 28.146783000622047 ], [ -100.065885000912488, 28.111738000238081 ], [ -100.055833999496059, 28.102720000684187 ], [ -100.053121999534596, 28.084731000444336 ], [ -100.018951000372056, 28.066440999233457 ], [ -100.006148000247308, 28.018419000442602 ], [ -99.989761999240741, 27.992875999662708 ], [ -99.962767999982901, 27.983537000350935 ], [ -99.931811000872287, 27.980968000483966 ], [ -99.938541000582873, 27.95405899966109 ], [ -99.917461000777408, 27.91797300062931 ], [ -99.900079999938995, 27.912141999835008 ], [ -99.893455999325795, 27.899208000312527 ], [ -99.904384999587762, 27.875283999776585 ], [ -99.901486000568312, 27.864161999345548 ], [ -99.881329000837027, 27.849550999298462 ], [ -99.872293999687102, 27.795257999890897 ], [ -99.849660000374641, 27.792460000428584 ], [ -99.842966999971026, 27.768517999944564 ], [ -99.833054000240253, 27.762890000440919 ], [ -99.813118000484138, 27.773997000638495 ], [ -99.801650999920724, 27.741771000265803 ], [ -99.791531000578885, 27.731857999917164 ], [ -99.770739999612601, 27.732134000263461 ], [ -99.738459000103092, 27.693108000351355 ], [ -99.72151899955638, 27.666154999860613 ], [ -99.704601000095636, 27.6549539995058 ], [ -99.668941999206609, 27.659973999991003 ], [ -99.658068000318991, 27.648002999696171 ], [ -99.666108000417111, 27.636088000375064 ], [ -99.638928999937093, 27.626758000138789 ], [ -99.627123000188263, 27.638411999467667 ], [ -99.60353299960336, 27.641991999888884 ], [ -99.57763600029314, 27.618597000227194 ], [ -99.578625999869303, 27.602286000229949 ], [ -99.554944999339696, 27.614456000564878 ], [ -99.541889000436285, 27.606000999635178 ], [ -99.529710999674592, 27.579761000777683 ], [ -99.511049000553129, 27.564507000377699 ], [ -99.521919000213416, 27.544093999210226 ], [ -99.528392000501569, 27.498550000517309 ], [ -99.496825999306964, 27.500105999487477 ], [ -99.48128799927224, 27.488467999571775 ], [ -99.485403999346374, 27.464067000000441 ], [ -99.495881999351042, 27.440146999662002 ], [ -99.487764999882046, 27.413398999390726 ], [ -99.492144000141067, 27.380517000723078 ], [ -99.507983999849898, 27.353013000569696 ], [ -99.504397000233283, 27.339895999670407 ], [ -99.538034999971941, 27.31709000039033 ], [ -99.529654000191258, 27.306050999623118 ], [ -99.495020999333363, 27.303937000666583 ], [ -99.487795999386663, 27.288697000315775 ], [ -99.496504000895158, 27.27338899960229 ], [ -99.480389999335671, 27.260143999421373 ], [ -99.465825000182448, 27.267969999761799 ], [ -99.452391000491289, 27.264046000444836 ], [ -99.441545000517777, 27.249914999460429 ], [ -99.443286000052382, 27.219410000242977 ], [ -99.432588999331657, 27.209698000397712 ], [ -99.426417999425112, 27.17828700046843 ], [ -99.429533000758511, 27.160132999579144 ], [ -99.439843999587453, 27.15158100078623 ], [ -99.430671999639188, 27.125306999659042 ], [ -99.442043000661045, 27.105966999916582 ], [ -99.430274999569008, 27.094872000390723 ], [ -99.434470000083778, 27.078517000284236 ], [ -99.451035000625481, 27.066765000597119 ], [ -99.444275999618156, 27.038394999299729 ], [ -99.44612300062235, 27.023048000497315 ], [ -99.430182000175748, 27.010544000184918 ], [ -99.415476000148189, 27.017239999443621 ], [ -99.403693999748057, 26.997356000060357 ], [ -99.377312000531447, 26.973818999195103 ], [ -99.392954000281648, 26.963802999732582 ], [ -99.388252999333872, 26.9442169994533 ], [ -99.367054000390851, 26.929034000748842 ], [ -99.337297000125034, 26.922758999408668 ], [ -99.321819000425265, 26.906845999726361 ], [ -99.328900000528421, 26.880219999715479 ], [ -99.316752999682905, 26.865831000204395 ], [ -99.295145999223351, 26.865440000087204 ], [ -99.268612999924926, 26.843212999820928 ], [ -99.262207999722818, 26.815667999445647 ], [ -99.242443999701521, 26.788261999401595 ], [ -99.240022999400097, 26.745850999431376 ], [ -99.208907000740723, 26.724760999535221 ], [ -99.20994799953364, 26.693938000515153 ], [ -99.200241999108613, 26.655823999533588 ], [ -99.178064000625781, 26.620546999984338 ], [ -99.167358999416734, 26.559267000625173 ], [ -99.166742000042916, 26.536078999190568 ], [ -99.12837900014074, 26.525500999951973 ], [ -99.104851000749377, 26.500382999247336 ], [ -99.091975999108314, 26.472375999912892 ], [ -99.110854000747153, 26.426282000197503 ], [ -99.082005999820083, 26.396667000013739 ], [ -99.062111000162147, 26.397385000187466 ], [ -99.037058000646724, 26.41360299923749 ], [ -99.021934999459475, 26.407901999680288 ], [ -99.010639999830872, 26.392135000275964 ], [ -98.987203999398119, 26.392197000064208 ], [ -98.974163999843114, 26.401148000328167 ], [ -98.952972999660929, 26.390926000152945 ], [ -98.955846000496479, 26.376982000794797 ], [ -98.936164000364812, 26.37153299963806 ], [ -98.901677000237427, 26.371229000336772 ], [ -98.895694000208678, 26.353490999941847 ], [ -98.861910000873024, 26.365990000258918 ], [ -98.841561999776005, 26.358942999527695 ], [ -98.820451999683172, 26.371001999234601 ], [ -98.798211000347294, 26.360165999514543 ], [ -98.777028000283892, 26.325729000258171 ], [ -98.749599000188653, 26.330196000655452 ], [ -98.745068999956644, 26.315928999644836 ], [ -98.75097299981384, 26.296320999887651 ], [ -98.732249999363319, 26.299107999373177 ], [ -98.705680000768425, 26.277417999924342 ], [ -98.700737000740759, 26.26596599931516 ], [ -98.678958000151781, 26.260064000441798 ], [ -98.67656199983206, 26.241561999476914 ], [ -98.664632999152175, 26.235351000788217 ], [ -98.633486000255672, 26.243265000316903 ], [ -98.599154000855478, 26.257612000190672 ], [ -98.580817000270329, 26.254741000469224 ], [ -98.579845000137468, 26.234775999894609 ], [ -98.564548999859895, 26.226880000097442 ], [ -98.54655000072988, 26.235512000509232 ], [ -98.524277999730089, 26.22124499958958 ], [ -98.50108099992039, 26.221346999412138 ], [ -98.503765999570049, 26.208799999674348 ], [ -98.462714000155358, 26.225801999669262 ], [ -98.445221999667751, 26.224570999324875 ], [ -98.442279999461903, 26.198911000019013 ], [ -98.418119999490841, 26.184647999871398 ], [ -98.386693999521071, 26.15787200006119 ], [ -98.368596999319422, 26.157087999531086 ], [ -98.366599999106285, 26.16878200011751 ], [ -98.332947999416135, 26.161280000622014 ], [ -98.337428000524795, 26.148081000033979 ], [ -98.324867999603242, 26.122304999852531 ], [ -98.309447000171048, 26.113000999237649 ], [ -98.29213099917618, 26.120768999455137 ], [ -98.265862999265181, 26.117333000192417 ], [ -98.255445000743904, 26.143575000544107 ], [ -98.239856999769756, 26.145541999906232 ], [ -98.230041000763421, 26.168686999849381 ], [ -98.232448000725682, 26.189394000740325 ], [ -98.169964999683657, 26.178469999385563 ], [ -98.163461000719735, 26.216611999983598 ], [ -98.200241999533503, 26.221674999183328 ], [ -98.197822000750577, 26.235990999569463 ], [ -98.264219000532748, 26.243605999831626 ], [ -98.268320000841854, 26.266115000469224 ], [ -98.258673999581362, 26.323034999431769 ], [ -98.264410999995064, 26.323837999842691 ], [ -98.248472000324711, 26.405558999673392 ], [ -98.366119000424803, 26.423981999689836 ], [ -98.365497000770347, 26.428074000681239 ], [ -98.491943000048963, 26.445361999472592 ], [ -98.396758999597083, 26.62533700050616 ], [ -98.320670000489343, 26.783081000195114 ], [ -98.422615999407142, 26.783534999443031 ], [ -98.417883000072422, 27.055285000383847 ], [ -98.466542000838444, 27.054711000146789 ], [ -98.467284000677552, 27.142005999362844 ], [ -98.492910000438584, 27.142061999973642 ], [ -98.492942999772666, 27.235011999588252 ], [ -98.510896999100439, 27.249996999970318 ], [ -98.531575000555151, 27.254796000722067 ], [ -98.536646000327323, 27.265196000815248 ], [ -98.232464000585225, 27.262487000004004 ], [ -98.23314100022543, 27.487316999603408 ], [ -98.235497000788584, 28.057965999896933 ], [ -97.908622000213441, 28.056681000431947 ], [ -97.895336000826049, 28.061175999245972 ], [ -97.907556999328435, 28.097292000261952 ], [ -97.904081000460451, 28.114228000373569 ], [ -97.808774000209212, 28.183415000172115 ], [ -97.950699000394039, 28.425965999251531 ], [ -97.991320000039835, 28.496734000669477 ], [ -98.089763999568916, 28.662978999787114 ], [ -98.00525200069589, 28.690238999902395 ] ] ] } },
{ "type": "Feature", "properties": { "District": 29 }, "geometry": { "type": "Polygon", "coordinates": [ [ [ -95.548723999533479, 29.884069000490054 ], [ -95.563741999259392, 29.867040000270272 ], [ -95.563665999995578, 29.85029200049998 ], [ -95.548798999904562, 29.850152999490241 ], [ -95.546157000804897, 29.832228999781837 ], [ -95.509322999825415, 29.832710999641471 ], [ -95.516397999463521, 29.803515000555461 ], [ -95.462887000839984, 29.802930999833368 ], [ -95.451262999158374, 29.795012000546432 ], [ -95.430445999644405, 29.812623000243317 ], [ -95.375283999332311, 29.813209000392703 ], [ -95.371876999714317, 29.798132999437321 ], [ -95.353323000172196, 29.799998999721652 ], [ -95.352082999160316, 29.819738999585653 ], [ -95.335838000890732, 29.819875000475356 ], [ -95.287425000014736, 29.940870000152401 ], [ -95.258049999645678, 29.935624999420209 ], [ -95.205959000334971, 29.932322000566334 ], [ -95.193782000088518, 29.944880999267156 ], [ -95.211386999681309, 29.956679999176487 ], [ -95.212424000386861, 29.999447999494887 ], [ -95.245161999078164, 29.99573800009502 ], [ -95.248023000566164, 29.961967999324489 ], [ -95.266767999877104, 29.955774999736679 ], [ -95.284595000956784, 29.965713999282919 ], [ -95.257042000072516, 30.031454999447391 ], [ -95.292911999860081, 30.027747999839015 ], [ -95.317322999164389, 30.034353000186979 ], [ -95.347672000705501, 30.028135000381241 ], [ -95.34638600056023, 30.045283000736045 ], [ -95.354769999541716, 30.056862000425415 ], [ -95.376793000297539, 30.063351000552597 ], [ -95.391497999636627, 30.055224000768877 ], [ -95.388842999371676, 30.036472000002895 ], [ -95.461336999921443, 30.034948999360942 ], [ -95.476371000008925, 30.024371000200205 ], [ -95.463790999756966, 30.007032999968768 ], [ -95.513134000486417, 29.979739999297959 ], [ -95.509415000392366, 29.956337000136013 ], [ -95.529881999695405, 29.950614000128791 ], [ -95.509283000439567, 29.914678000112449 ], [ -95.495686999071381, 29.899681000022564 ], [ -95.51608399991224, 29.876058000609646 ], [ -95.537250999215459, 29.873875000489949 ], [ -95.548723999533479, 29.884069000490054 ] ] ] } },
{ "type": "Feature", "properties": { "District": 30 }, "geometry": { "type": "Polygon", "coordinates": [ [ [ -96.622197999434704, 32.617726999308815 ], [ -96.628879999176732, 32.629715999382412 ], [ -96.669092000183895, 32.640951000464781 ], [ -96.677966000641959, 32.653353000543589 ], [ -96.671200000395558, 32.67032400081586 ], [ -96.683003000486721, 32.698005000533726 ], [ -96.683203999168782, 32.713236999511835 ], [ -96.739219000039995, 32.754252000233166 ], [ -96.7327719999507, 32.758079000786282 ], [ -96.729178000784586, 32.792111000811737 ], [ -96.759095999230425, 32.79095599919382 ], [ -96.77076699918149, 32.781708999462403 ], [ -96.798894000133032, 32.772533999623661 ], [ -96.810983999852184, 32.74721700032152 ], [ -96.902799999389543, 32.705827000390059 ], [ -96.949941000508176, 32.705832999892934 ], [ -96.962627999117842, 32.697218000299536 ], [ -96.9702369993838, 32.670826000015225 ], [ -97.036574000174795, 32.676206000529397 ], [ -97.035526000004808, 32.739255000535394 ], [ -97.080209999959521, 32.735250000030717 ], [ -97.080297999624847, 32.720899999351268 ], [ -97.123325999639206, 32.721213000046518 ], [ -97.123335999657442, 32.708916000308641 ], [ -97.135265999533473, 32.677058000394055 ], [ -97.13361199944336, 32.643703999321389 ], [ -97.140993999376548, 32.611470999404787 ], [ -97.116415999116654, 32.608226999366934 ], [ -97.105819000893334, 32.613351000087476 ], [ -97.080183000814259, 32.580822999668094 ], [ -97.084691000886636, 32.564856999962842 ], [ -97.077910000796834, 32.549150999882016 ], [ -96.956008000928932, 32.547778000352075 ], [ -96.529412000563582, 32.545277000618093 ], [ -96.561564000225616, 32.555571000020677 ], [ -96.580341999323878, 32.577038999613265 ], [ -96.589179000846173, 32.606295000134942 ], [ -96.622197999434704, 32.617726999308815 ] ] ] } },
{ "type": "Feature", "properties": { "District": 31 }, "geometry": { "type": "Polygon", "coordinates": [ [ [ -97.9001290005709, 30.568913999625625 ], [ -97.836474999647919, 30.588020000478739 ], [ -97.819879000365759, 30.582367000181421 ], [ -97.804581999381298, 30.590540999559831 ], [ -97.781220999761956, 30.573690999321876 ], [ -97.757922999336145, 30.539162000125675 ], [ -97.747759000698665, 30.537887999550133 ], [ -97.686574000940823, 30.512974999907946 ], [ -97.692667999691508, 30.558172999813529 ], [ -97.655035000429137, 30.545192000092023 ], [ -97.652391999864534, 30.528222999821985 ], [ -97.63815899947322, 30.509315999240243 ], [ -97.590053000227542, 30.508483999569986 ], [ -97.601247999133975, 30.529258000399313 ], [ -97.58872400069491, 30.535680999237204 ], [ -97.471306999763669, 30.556029999565506 ], [ -97.428979000173626, 30.568073999988332 ], [ -97.430401000120682, 30.58717600068379 ], [ -97.413129000242961, 30.592625000570148 ], [ -97.406103999353263, 30.578757999540009 ], [ -97.381077999771122, 30.58927300028197 ], [ -97.312864999664342, 30.608639000595073 ], [ -97.299160999673745, 30.596466999663743 ], [ -97.221184000310032, 30.617784000686829 ], [ -97.269948999803574, 30.735362000329342 ], [ -97.315484999157235, 30.752362999523044 ], [ -97.265100000777409, 30.874939000527185 ], [ -97.277063000702285, 30.868825000316871 ], [ -97.309645999923703, 30.893714000607439 ], [ -97.320576000794105, 30.896684000773796 ], [ -97.320896999142462, 30.942762000686468 ], [ -97.312354999915243, 30.947519000271335 ], [ -97.32629400069969, 30.993960999783805 ], [ -97.324326000551096, 31.013106999544608 ], [ -97.334441999202298, 31.028782000124981 ], [ -97.348190000253794, 31.032839000510513 ], [ -97.339938999684861, 31.053791000568129 ], [ -97.352918999986329, 31.073309999454583 ], [ -97.353176999609644, 31.09336999950651 ], [ -97.379364000924966, 31.115406999779161 ], [ -97.364380000303228, 31.132824999675211 ], [ -97.354408000332072, 31.159540000498389 ], [ -97.412696999753209, 31.177719000753825 ], [ -97.39118999966, 31.233961000073553 ], [ -97.372970999417831, 31.274023000022574 ], [ -97.418606000580496, 31.320202000828644 ], [ -97.605230000133375, 31.587762000224636 ], [ -97.689834000253356, 31.711018999848054 ], [ -97.766431000750359, 31.672460999970433 ], [ -97.924150999177385, 31.900131000567484 ], [ -98.005462000056554, 32.017896999579769 ], [ -98.208385999186049, 31.917510999859907 ], [ -98.156568000031626, 31.841713000114446 ], [ -98.463736000492403, 31.683988999322743 ], [ -98.492801999208993, 31.723608000249715 ], [ -98.595796000945384, 31.710931000531474 ], [ -98.668441000103712, 31.700513999423844 ], [ -98.760057000876756, 31.687895999759526 ], [ -98.779950999754675, 31.610734999399167 ], [ -98.940872999709256, 31.513215999944904 ], [ -98.991624999865138, 31.484730000430702 ], [ -98.994519999306135, 31.466001000003669 ], [ -98.963593000198799, 31.446250999493632 ], [ -98.944263999499157, 31.458611000691828 ], [ -98.933188000897303, 31.436927999799977 ], [ -98.901936000900918, 31.436021000495703 ], [ -98.872500000381024, 31.444298999441195 ], [ -98.85929399954145, 31.434958000287832 ], [ -98.846380000527972, 31.410483999708266 ], [ -98.818982999527208, 31.416448999264258 ], [ -98.799404999585448, 31.410600999615919 ], [ -98.773000000348361, 31.410925999909651 ], [ -98.77562499968829, 31.387590000306535 ], [ -98.761620000169188, 31.375952999707984 ], [ -98.751406000544222, 31.387605000553013 ], [ -98.755672000511041, 31.40044400073829 ], [ -98.740269999962479, 31.407599999878013 ], [ -98.718125000106753, 31.404030000632805 ], [ -98.696634000746613, 31.40728700076102 ], [ -98.693027999741346, 31.387429999921704 ], [ -98.703809000322764, 31.380907999227301 ], [ -98.702695000824377, 31.339148000820661 ], [ -98.682772999383474, 31.346157000412319 ], [ -98.654560000291212, 31.370021999630019 ], [ -98.636374999133793, 31.352911999768541 ], [ -98.646969000395231, 31.340685000034409 ], [ -98.631878999734582, 31.32563300059719 ], [ -98.631043000423077, 31.310434000156775 ], [ -98.594371999391754, 31.311485999280595 ], [ -98.598189000057403, 31.286997999716728 ], [ -98.626925999277759, 31.281182000804584 ], [ -98.625627999220896, 31.269798000596332 ], [ -98.597888999757984, 31.253890000002841 ], [ -98.579809999219989, 31.265386000028805 ], [ -98.562962999105963, 31.235780999199683 ], [ -98.569645000419271, 31.20326900030782 ], [ -98.559557999357892, 31.192975000343907 ], [ -98.542349999319271, 31.194539999279637 ], [ -98.542015999360444, 31.174496000098685 ], [ -98.521140000298217, 31.165780000085849 ], [ -98.526958999696788, 31.140389999953385 ], [ -98.548326999580993, 31.124205999607977 ], [ -98.518289999097576, 31.092699999422898 ], [ -98.501114999159995, 31.116946000749639 ], [ -98.479328000785912, 31.118071000767586 ], [ -98.456028000528121, 31.079609000055374 ], [ -98.48392599939892, 31.067266000803947 ], [ -98.47577999997948, 31.053350000146207 ], [ -98.444859999840233, 31.038549999694727 ], [ -98.439527999883651, 31.025125000149639 ], [ -98.459235000158728, 31.007744999994141 ], [ -98.441873999520297, 30.98432400025693 ], [ -98.452897000314778, 30.968726999763735 ], [ -98.447098000612399, 30.951755000484081 ], [ -98.414508000100014, 30.942109999248771 ], [ -98.417770000640004, 30.927845000681263 ], [ -98.445760999386195, 30.921430000671329 ], [ -98.448326000136063, 30.870587999901375 ], [ -98.431556999112942, 30.869432000417284 ], [ -98.419349999967721, 30.859120999775886 ], [ -98.421593000832942, 30.834996999941939 ], [ -98.393645999422404, 30.84296000067652 ], [ -98.376876999665569, 30.834890000380803 ], [ -98.390052999933644, 30.818436000414213 ], [ -98.40333599910177, 30.817935999836301 ], [ -98.413909999390384, 30.794305999754624 ], [ -98.432098000685812, 30.786309999693287 ], [ -98.422531000195377, 30.775041999435992 ], [ -98.430214000131443, 30.760959999625928 ], [ -98.424045999464951, 30.750506999413879 ], [ -98.375237000325356, 30.74657400045006 ], [ -98.371905000362659, 30.740484999465622 ], [ -98.392654000134783, 30.721233000634509 ], [ -98.404152000604128, 30.721082999714977 ], [ -98.413962000364393, 30.70439199960234 ], [ -98.403983999514338, 30.676202999794533 ], [ -98.438994999822953, 30.673285000759517 ], [ -98.439087000924744, 30.662509999289671 ], [ -98.418593999336693, 30.645926000371222 ], [ -98.417594999233685, 30.627274000613337 ], [ -98.40018099940707, 30.598449000234716 ], [ -98.41183499989161, 30.588181999223544 ], [ -98.411148000076096, 30.574643999424268 ], [ -98.398757999729355, 30.563729999481925 ], [ -98.375946000026204, 30.573893999931705 ], [ -98.351982999503377, 30.558393000581511 ], [ -98.338236999681087, 30.555645999706734 ], [ -98.325862000576237, 30.566084999884364 ], [ -98.289054000152348, 30.553059999529403 ], [ -98.268784999599248, 30.56818999950611 ], [ -98.244059000635787, 30.555883000716285 ], [ -98.21190699972486, 30.569799999996583 ], [ -98.188717000812403, 30.564518000788876 ], [ -98.185550000686234, 30.586913999341554 ], [ -98.158103999513486, 30.628298000688773 ], [ -98.107783000146824, 30.607980000222351 ], [ -98.099202999718287, 30.598637000396245 ], [ -98.078154000178287, 30.604637000426823 ], [ -98.066559000627223, 30.593102999927634 ], [ -98.049885999671247, 30.624155000726525 ], [ -98.029700000950385, 30.614722999595283 ], [ -98.01274099957314, 30.616766999223277 ], [ -97.991015000329085, 30.609848999645514 ], [ -97.977866999887851, 30.6221139996054 ], [ -97.956733999474892, 30.628248999797908 ], [ -97.934808999580341, 30.610286000570849 ], [ -97.91706300049151, 30.604871000283353 ], [ -97.921895000321911, 30.590958000811057 ], [ -97.9001290005709, 30.568913999625625 ] ] ] } },
{ "type": "Feature", "properties": { "District": 32 }, "geometry": { "type": "Polygon", "coordinates": [ [ [ -94.705877999913056, 32.879177000748996 ], [ -94.707044000424119, 32.894783999875798 ], [ -94.727829000408335, 32.913539000204096 ], [ -94.755921000516935, 32.918413000266213 ], [ -94.770919999273218, 32.927439000085087 ], [ -94.776335999489049, 32.946234999880417 ], [ -94.819356000606248, 32.982891999673406 ], [ -94.859945000084551, 33.003905000817944 ], [ -94.910792999526478, 33.04592400013189 ], [ -94.927726999952881, 33.070304000603826 ], [ -95.011412999370009, 33.075784999359634 ], [ -95.042917999137089, 33.070236999873046 ], [ -95.103043000623799, 33.032956000822416 ], [ -95.125217000338793, 33.035362000531293 ], [ -95.153650000111909, 33.01244799988006 ], [ -95.165037999210895, 32.975321999797508 ], [ -95.173690000409309, 32.961913999597428 ], [ -95.305728999422044, 32.962598000556397 ], [ -95.665388999156292, 32.960434000251738 ], [ -95.667728000847617, 32.979553999398306 ], [ -95.923549999310708, 32.979796000227161 ], [ -95.931919999284872, 33.003571999877849 ], [ -95.95980200093797, 33.010851999649255 ], [ -95.977528999249074, 33.022676999630413 ], [ -96.018887000596223, 33.011037999737432 ], [ -96.048610999847781, 33.037047999184047 ], [ -96.093631999551462, 33.037210999435558 ], [ -96.121867999539901, 33.042233999296968 ], [ -96.178817000542622, 33.043055999688704 ], [ -96.203384000817223, 33.019771000412874 ], [ -96.26362600073314, 32.985331999889766 ], [ -96.275322000454295, 32.981416000216363 ], [ -96.4133409997158, 32.981954999580829 ], [ -96.61336700048615, 32.984308999215969 ], [ -96.614706999971332, 33.004934000814288 ], [ -96.682214999659408, 33.002771999649674 ], [ -96.708001000185348, 33.004232999288014 ], [ -96.756857999482889, 33.000422000157926 ], [ -96.756464000528894, 32.98629800055096 ], [ -96.844122000863948, 32.987435000711457 ], [ -96.939882000376201, 32.988821999380065 ], [ -96.923605000821823, 32.974865000449142 ], [ -96.903552999774476, 32.942465999911235 ], [ -96.87189899958679, 32.946350000006568 ], [ -96.855758000461663, 32.933456999252321 ], [ -96.823664999550971, 32.950540999469851 ], [ -96.820752999302314, 32.926067000664936 ], [ -96.780966000652711, 32.924347000084921 ], [ -96.774980000126618, 32.90961900018646 ], [ -96.779620000264387, 32.894995000167924 ], [ -96.762011000031066, 32.89841800049615 ], [ -96.740730000937234, 32.89312199983717 ], [ -96.704118999222416, 32.909001999518274 ], [ -96.538418000156184, 32.907778999817793 ], [ -96.517911999973919, 32.91723000014062 ], [ -96.518970000465842, 32.813615999375926 ], [ -96.297375999587828, 32.814185000048084 ], [ -96.297322000229755, 32.841722999815637 ], [ -96.076476999722829, 32.838480999361252 ], [ -95.934433000677771, 32.837217000380804 ], [ -95.916421000954472, 32.811308999366226 ], [ -95.877683999690404, 32.791247000747184 ], [ -95.847074999709108, 32.769588999185892 ], [ -95.807880999375399, 32.767940000568693 ], [ -95.794385000627784, 32.775779000713527 ], [ -95.762500000265078, 32.770600999998265 ], [ -95.762902000703292, 32.760238999952641 ], [ -95.710450999447147, 32.745579000732633 ], [ -95.691180999561809, 32.737275999468523 ], [ -95.659802999765176, 32.711401999880806 ], [ -95.648118999599845, 32.719256999206209 ], [ -95.607723999102902, 32.703818000706207 ], [ -95.594541000564917, 32.687026000090832 ], [ -95.581709999662976, 32.673635999572802 ], [ -95.52427599951352, 32.643665000126454 ], [ -95.510945000680209, 32.62032799947567 ], [ -95.470742000282257, 32.609035999528324 ], [ -95.419710999092615, 32.609105000297809 ], [ -95.389754000532321, 32.599974000228805 ], [ -95.361789000361412, 32.606663999972412 ], [ -95.332163999649339, 32.60425200012245 ], [ -95.305886999680368, 32.592227999384797 ], [ -95.278889000911576, 32.573858999507358 ], [ -95.254178000569681, 32.57560599940814 ], [ -95.237950000324915, 32.560541000373654 ], [ -95.208480000690315, 32.568629999712975 ], [ -95.189129000413303, 32.546596000668309 ], [ -95.171819000637029, 32.548699000674553 ], [ -95.145887999155107, 32.569740999709595 ], [ -95.13543399911245, 32.548013999526972 ], [ -95.084420000687217, 32.552981000649524 ], [ -95.065934999263334, 32.53769200011962 ], [ -95.0248169992702, 32.536999999724721 ], [ -95.022360000861795, 32.521698000409501 ], [ -95.008685999235212, 32.516812999412188 ], [ -94.988336999432335, 32.536758000299635 ], [ -94.972206999890105, 32.537429000783277 ], [ -94.820223000494849, 32.590648000725345 ], [ -94.758501999494712, 32.659793000118889 ], [ -94.736905000560697, 32.663481999327672 ], [ -94.727919000012079, 32.655419999696456 ], [ -94.7045579994343, 32.657492999610014 ], [ -94.702176999663394, 32.714084000130221 ], [ -94.702138000684073, 32.820515000768026 ], [ -94.672351000464971, 32.834755999724855 ], [ -94.698975999630733, 32.845061999475845 ], [ -94.705877999913056, 32.879177000748996 ] ] ] } },
{ "type": "Feature", "properties": { "District": 33 }, "geometry": { "type": "Polygon", "coordinates": [ [ [ -96.770162000271029, 32.831361999775083 ], [ -96.770189000555519, 32.817365999886363 ], [ -96.802333000538013, 32.816229000750418 ], [ -96.818456999126411, 32.823135000062891 ], [ -96.821311000016877, 32.851173999420396 ], [ -96.849835999796369, 32.858248000535816 ], [ -96.846326999793661, 32.880299000160498 ], [ -96.862277999770811, 32.895238000112343 ], [ -96.864002999349154, 32.909723000322515 ], [ -96.898114000916053, 32.908161000589075 ], [ -96.898154000877938, 32.896059000652009 ], [ -96.928376000210633, 32.895688000182552 ], [ -96.938496000149172, 32.913985999964915 ], [ -96.942527000434652, 32.946157000799822 ], [ -96.967569000533942, 32.947476999372299 ], [ -96.967706999316249, 32.92534400030069 ], [ -96.95871800078973, 32.915704999756642 ], [ -96.962606999163086, 32.890462000128032 ], [ -96.931073000816539, 32.873728000458399 ], [ -96.92243500046979, 32.860714000468896 ], [ -96.889665999819471, 32.844122000455982 ], [ -96.889968000972615, 32.831231999532534 ], [ -96.905250999973546, 32.816873999708946 ], [ -96.901537000805476, 32.800668000216611 ], [ -96.927553000408196, 32.765360000072015 ], [ -96.990104000063042, 32.758705000680138 ], [ -97.03517100018523, 32.759693000636872 ], [ -97.035526000004808, 32.739255000535394 ], [ -97.036574000174795, 32.676206000529397 ], [ -96.9702369993838, 32.670826000015225 ], [ -96.962627999117842, 32.697218000299536 ], [ -96.949941000508176, 32.705832999892934 ], [ -96.902799999389543, 32.705827000390059 ], [ -96.810983999852184, 32.74721700032152 ], [ -96.798894000133032, 32.772533999623661 ], [ -96.77076699918149, 32.781708999462403 ], [ -96.759095999230425, 32.79095599919382 ], [ -96.729178000784586, 32.792111000811737 ], [ -96.7327719999507, 32.758079000786282 ], [ -96.739219000039995, 32.754252000233166 ], [ -96.683203999168782, 32.713236999511835 ], [ -96.683003000486721, 32.698005000533726 ], [ -96.671200000395558, 32.67032400081586 ], [ -96.677966000641959, 32.653353000543589 ], [ -96.669092000183895, 32.640951000464781 ], [ -96.628879999176732, 32.629715999382412 ], [ -96.622197999434704, 32.617726999308815 ], [ -96.582136999840429, 32.652356999481356 ], [ -96.591162000783171, 32.66741700072604 ], [ -96.555516000089639, 32.691875999409156 ], [ -96.575327999038407, 32.714022000484761 ], [ -96.599162999679876, 32.729702000789118 ], [ -96.601907000773224, 32.746687999461734 ], [ -96.639270000596198, 32.748585999511995 ], [ -96.644241000030959, 32.76325599950691 ], [ -96.673372999289853, 32.78757699953124 ], [ -96.673605000340601, 32.806878999599427 ], [ -96.658051999402517, 32.821395999888487 ], [ -96.658861000603522, 32.834525999229299 ], [ -96.635167000960521, 32.843646000042604 ], [ -96.646933000867079, 32.854284999838001 ], [ -96.68959100040874, 32.878813999844972 ], [ -96.712242000676468, 32.864128000182504 ], [ -96.724335999505655, 32.846915999561524 ], [ -96.722429999875843, 32.815558999682708 ], [ -96.743409000632283, 32.816187000653862 ], [ -96.770162000271029, 32.831361999775083 ] ] ] } },
{ "type": "Feature", "properties": { "District": 34 }, "geometry": { "type": "Polygon", "coordinates": [ [ [ -97.861821999253777, 26.069920999252023 ], [ -97.861390000078956, 26.054184000285943 ], [ -97.81489000068953, 26.05341499947853 ], [ -97.804258999805782, 26.059653999974174 ], [ -97.790246000742371, 26.033359000569238 ], [ -97.749717000256069, 26.031123000516228 ], [ -97.726469999584268, 26.022656000334916 ], [ -97.697069000627138, 26.023455000407832 ], [ -97.66742200051155, 26.029072999882313 ], [ -97.645219999866555, 26.027757999327438 ], [ -97.62985699944926, 25.988052999378759 ], [ -97.622888000113022, 25.989518999838854 ], [ -97.59906000029163, 25.956787000389344 ], [ -97.581747000723993, 25.961596000428258 ], [ -97.580908000274746, 25.939367999444187 ], [ -97.546667000193281, 25.934546999846969 ], [ -97.53097700065905, 25.920357000629853 ], [ -97.533481999119175, 25.908382999353098 ], [ -97.520811999554681, 25.885999999729695 ], [ -97.496430000086733, 25.895804999584371 ], [ -97.484864999671601, 25.87869999950599 ], [ -97.470818999246148, 25.888354000016818 ], [ -97.444030000776962, 25.848613999645469 ], [ -97.426786999964619, 25.841301000343499 ], [ -97.400812999621877, 25.845957999917566 ], [ -97.373187000670129, 25.839956000417683 ], [ -97.35875399939566, 25.878807999723801 ], [ -97.374172999947803, 25.905923000267219 ], [ -97.348906000401456, 25.930807000737342 ], [ -97.338436999419571, 25.921624000171573 ], [ -97.309739000600914, 25.9264049998384 ], [ -97.291786000250596, 25.936302000357493 ], [ -97.276701000198884, 25.952146000033856 ], [ -97.247010000101596, 25.94823400047682 ], [ -97.239872000117799, 25.954974999326936 ], [ -97.209961000575873, 25.963458000802973 ], [ -97.19031999924627, 25.953860999663803 ], [ -97.177087999720541, 25.965345999464414 ], [ -97.146104999272026, 25.956657000771312 ], [ -97.147012000394554, 25.970515999541139 ], [ -97.091120999894713, 25.973839999857582 ], [ -97.097857999389092, 26.038619999608013 ], [ -97.091287000430171, 26.051598000432609 ], [ -97.089988999728362, 26.075339999439411 ], [ -97.108301000074832, 26.104509999622188 ], [ -97.110147000761273, 26.140583000378896 ], [ -97.121261999733093, 26.225548999919791 ], [ -97.126121000051683, 26.250350999193536 ], [ -97.156496000806726, 26.37534799948628 ], [ -97.184566000202167, 26.475852000424073 ], [ -97.212547999395923, 26.561650999400939 ], [ -97.214055999462985, 26.576765999618178 ], [ -97.25170500017424, 26.661865999518852 ], [ -97.282724999484671, 26.763422999908528 ], [ -97.300423000124027, 26.834613000493132 ], [ -97.31595000002595, 26.929288999894602 ], [ -97.32321899927598, 27.010256000369232 ], [ -97.319824000125678, 27.110022999606077 ], [ -97.309363000871571, 27.196108999778463 ], [ -97.296567000096715, 27.250322999657012 ], [ -97.25026399989666, 27.392308000716852 ], [ -97.199815999207999, 27.500318999949247 ], [ -97.165097000706226, 27.56829999990757 ], [ -97.222257000662125, 27.576364999895759 ], [ -97.199631000600135, 27.621363999723343 ], [ -97.22032499979079, 27.632476999541005 ], [ -97.240505999675079, 27.635287999608821 ], [ -97.22799399968342, 27.675193000625026 ], [ -97.253863999706823, 27.696737000341532 ], [ -97.306917000209793, 27.709512999949659 ], [ -97.34124600059863, 27.722903000612764 ], [ -97.361670999569029, 27.735051000090813 ], [ -97.394856999684933, 27.78075500076314 ], [ -97.404159999364126, 27.774374000582878 ], [ -97.414604999282872, 27.749515999807155 ], [ -97.412979999462067, 27.728506000437772 ], [ -97.449884999397341, 27.746810999477717 ], [ -97.436159999390938, 27.760631000349573 ], [ -97.437438999979662, 27.803167999816097 ], [ -97.42029100031111, 27.816092000499086 ], [ -97.436734999520709, 27.825815999829416 ], [ -97.476381999251132, 27.824899000585027 ], [ -97.502817000170637, 27.846157000739854 ], [ -97.535309999286355, 27.847677000254276 ], [ -97.542622000695729, 27.858314999409714 ], [ -97.57313499990552, 27.86098900064232 ], [ -97.589473000582842, 27.856101000745447 ], [ -97.610387999956743, 27.875991000336779 ], [ -97.626033000748734, 27.881402999616867 ], [ -97.638173999817596, 27.865594000414305 ], [ -97.675279999500347, 27.882537999988543 ], [ -97.671504999938819, 27.893032999355306 ], [ -97.691073999720643, 27.917352999950303 ], [ -97.73310600061437, 27.925336000426675 ], [ -97.775602999679748, 27.937733000172777 ], [ -97.782765000032356, 27.947167000684505 ], [ -97.807673999650689, 27.939593999305764 ], [ -97.812009000748716, 27.96439000027603 ], [ -97.798626999390393, 27.995569000279023 ], [ -97.934273999802869, 27.88520199988843 ], [ -97.933664999668949, 27.776442000257262 ], [ -97.942146000843721, 27.635931999630643 ], [ -98.059799999431263, 27.635868999974605 ], [ -98.058078000460341, 27.26098100058686 ], [ -97.986075999185616, 27.260494000108537 ], [ -97.985302999168823, 26.615809000656345 ], [ -97.957405000422099, 26.611768999717679 ], [ -97.968839999199659, 26.551355000516995 ], [ -97.963911999912909, 26.533500000169294 ], [ -97.984366999301983, 26.536578000112918 ], [ -97.992285000841676, 26.49130800053609 ], [ -98.004189000237076, 26.448784000028279 ], [ -97.90829599928702, 26.434907999567738 ], [ -97.861919999098674, 26.433579000646965 ], [ -97.861821999253777, 26.069920999252023 ] ] ] } },
{ "type": "Feature", "properties": { "District": 35 }, "geometry": { "type": "Polygon", "coordinates": [ [ [ -97.633176000071472, 29.649862999375827 ], [ -97.653558999629013, 29.656182999710961 ], [ -97.663365999765944, 29.666983000057431 ], [ -97.680497999600007, 29.663622999916516 ], [ -97.704557999991806, 29.682614999681572 ], [ -97.735720000714338, 29.691198000309814 ], [ -97.746090999188922, 29.711297999882234 ], [ -97.770960000821532, 29.732304999686168 ], [ -97.768881000258716, 29.741789000404854 ], [ -97.804897999722982, 29.767237999385252 ], [ -97.81956599911463, 29.789429999316425 ], [ -97.842351000280786, 29.799224000625657 ], [ -97.841548999610197, 29.82494100034145 ], [ -97.848634999662423, 29.843347999569335 ], [ -97.875258999081922, 29.858207999691768 ], [ -97.943564000408927, 29.80691399948147 ], [ -97.999216000528875, 29.752485000062237 ], [ -98.089277000166902, 29.6839310004483 ], [ -98.202118000175844, 29.636191999991841 ], [ -98.310927999165898, 29.594473000278406 ], [ -98.328650999336361, 29.608233000641086 ], [ -98.351344999336732, 29.603377999536672 ], [ -98.428998000117033, 29.600092999312366 ], [ -98.450510999417389, 29.604400999216782 ], [ -98.451326000200396, 29.568976000768743 ], [ -98.467885000251442, 29.552635999262463 ], [ -98.442972000512967, 29.54722700029178 ], [ -98.428465000681939, 29.534474999314114 ], [ -98.445778999432306, 29.522503999634122 ], [ -98.434597999076104, 29.509251999458368 ], [ -98.43357700041021, 29.493809999588752 ], [ -98.415305000585164, 29.506517999531727 ], [ -98.397102000067946, 29.510271999715304 ], [ -98.312789000069031, 29.508844000240902 ], [ -98.312128000612987, 29.482882999295494 ], [ -98.319328000426296, 29.461345999529598 ], [ -98.360728000044602, 29.445221999760935 ], [ -98.360737000531415, 29.421160000717617 ], [ -98.389386999808139, 29.423369999211051 ], [ -98.389385000482747, 29.398302999721356 ], [ -98.448354999933613, 29.398103999778201 ], [ -98.460116999705747, 29.384104999201888 ], [ -98.527515999525178, 29.38229000008052 ], [ -98.552108999130738, 29.383714999617926 ], [ -98.576371000110683, 29.359247999859988 ], [ -98.613174000231894, 29.376832999685163 ], [ -98.620902000179726, 29.366390000282145 ], [ -98.646482000815922, 29.360633000641343 ], [ -98.646382999685187, 29.347197999892824 ], [ -98.671118999519081, 29.34628400060565 ], [ -98.671198000614339, 29.328158000577577 ], [ -98.68686699912017, 29.327808000177022 ], [ -98.709259999782518, 29.351544000142098 ], [ -98.717340000357254, 29.343168000148154 ], [ -98.804592000104179, 29.323343999302416 ], [ -98.804762999065858, 29.250693000718822 ], [ -98.407335999550895, 29.114434999653014 ], [ -98.270160999403657, 28.968873000360613 ], [ -98.184372999713389, 28.875259000528878 ], [ -98.168209000198885, 28.861276999901374 ], [ -98.125283999633425, 28.81423699977432 ], [ -98.00525200069589, 28.690238999902395 ], [ -97.915105999974699, 28.719648000042024 ], [ -97.870674000196772, 28.689516999795458 ], [ -97.835415000531555, 28.680151999327936 ], [ -97.825311999247504, 28.670341000703232 ], [ -97.788001999255002, 28.675831999340016 ], [ -97.778530000322377, 28.668026999515774 ], [ -97.574639000327196, 28.813300000456177 ], [ -97.755109999081981, 29.007112999758963 ], [ -97.613132000732364, 29.109765000624275 ], [ -97.757701000698404, 29.250233999378452 ], [ -97.858781999490475, 29.352889999956233 ], [ -97.753858999959903, 29.488581999623158 ], [ -97.746585000369109, 29.500335000218122 ], [ -97.633176000071472, 29.649862999375827 ] ] ] } },
{ "type": "Feature", "properties": { "District": 36 }, "geometry": { "type": "Polygon", "coordinates": [ [ [ -95.003345000631569, 31.42570999990448 ], [ -94.984752999557216, 31.413849999582126 ], [ -94.96625399906452, 31.391205000383117 ], [ -94.953557000941686, 31.384699999628985 ], [ -94.961417000115233, 31.349160000280239 ], [ -94.908339000454276, 31.33328700038409 ], [ -94.899016999396395, 31.326972000458774 ], [ -94.894597000377146, 31.299279000320396 ], [ -94.878376000687851, 31.288352000666261 ], [ -94.897678000259447, 31.258011000771958 ], [ -94.874546000288987, 31.249647000507395 ], [ -94.861046000670015, 31.218195999768835 ], [ -94.866303999312834, 31.209734000013849 ], [ -94.850074000606028, 31.178553000317304 ], [ -94.852208000072551, 31.148022000169664 ], [ -94.769482999913521, 31.117159999470655 ], [ -94.752697000919341, 31.106447999342247 ], [ -94.718617999180566, 31.106993999742102 ], [ -94.698351000367239, 31.096245999195563 ], [ -94.679274000833672, 31.096035999575523 ], [ -94.657400999805986, 31.085241000560718 ], [ -94.622274999733548, 31.087303999839154 ], [ -94.589487999191604, 31.066087000766906 ], [ -94.562898000116988, 31.058463000155967 ], [ -94.657992000081265, 31.012006999825747 ], [ -94.601913000784322, 30.76898899949483 ], [ -94.542039000298715, 30.511349000503444 ], [ -94.537925999772682, 30.491058999792056 ], [ -94.732732000856856, 30.490066000297933 ], [ -94.596338000762444, 30.112100999875167 ], [ -94.444910000417011, 30.113014999959784 ], [ -94.442235000327656, 29.889537999575463 ], [ -94.500191000026703, 29.889940000372075 ], [ -94.981459999522613, 29.884275999434763 ], [ -94.977043999457479, 29.868060000077683 ], [ -94.953090000702019, 29.855303000496715 ], [ -94.934598999427138, 29.834292000411679 ], [ -94.908653999681803, 29.82518100030703 ], [ -94.916883999106801, 29.803298000426899 ], [ -94.9392220009548, 29.779325999266486 ], [ -94.957047999182805, 29.748659999301665 ], [ -94.962670000318425, 29.721141000464097 ], [ -95.000924999652071, 29.713977999246413 ], [ -95.030457999273892, 29.68979599990665 ], [ -95.030060999874252, 29.652328999674715 ], [ -95.109854999762518, 29.650814999795493 ], [ -95.115883000485084, 29.633591999793882 ], [ -95.182332000120468, 29.63034100066438 ], [ -95.198008000352559, 29.622999999370549 ], [ -95.211024000887633, 29.6369810001475 ], [ -95.229056999191272, 29.627705000636581 ], [ -95.244578999669088, 29.642029000386028 ], [ -95.272538000722662, 29.680410000132749 ], [ -95.289082000557912, 29.674023999421287 ], [ -95.314894000650298, 29.654951999212024 ], [ -95.304663999543962, 29.620858000321551 ], [ -95.31774499939911, 29.620900000615894 ], [ -95.317886000031081, 29.597987999891771 ], [ -95.331639999031765, 29.59910400071556 ], [ -95.346412999466892, 29.585545999168961 ], [ -95.375414000221738, 29.588278000416018 ], [ -95.3928100000238, 29.581663999461743 ], [ -95.424285999996485, 29.580312000160102 ], [ -95.435304999450992, 29.539924999243084 ], [ -95.375523999436709, 29.541688999401579 ], [ -95.357228000843762, 29.537407000667862 ], [ -95.325501999184283, 29.544785999571847 ], [ -95.290172999803247, 29.545625999467347 ], [ -95.258508000504719, 29.571084000636269 ], [ -95.242685999331371, 29.555166999174258 ], [ -95.228248999758293, 29.560033000182319 ], [ -95.197681999155421, 29.557278999266217 ], [ -95.199452999167463, 29.544527999886323 ], [ -95.183097000413923, 29.519017000487072 ], [ -95.151505000194263, 29.500387999391272 ], [ -95.124010999652612, 29.510484000011822 ], [ -95.104325999783825, 29.510734000773954 ], [ -95.070114000058652, 29.556094000307578 ], [ -95.050125999774934, 29.558548999859362 ], [ -95.023040000093005, 29.549431000676169 ], [ -95.003095999392968, 29.5260570005331 ], [ -94.978056999297465, 29.511673000163615 ], [ -94.914396999314405, 29.496504999758322 ], [ -94.867949999503395, 29.515908999410239 ], [ -94.833380000699776, 29.516906000004163 ], [ -94.8149590004153, 29.527804999623683 ], [ -94.793819000366653, 29.550943000081034 ], [ -94.779469999781796, 29.53023400015234 ], [ -94.76256899918836, 29.524162000251547 ], [ -94.740915999790388, 29.526721000382679 ], [ -94.710656999612794, 29.537206999712943 ], [ -94.686253999186519, 29.538337000563285 ], [ -94.65674699973377, 29.547777999843785 ], [ -94.601530000825392, 29.559427999686839 ], [ -94.569389999382707, 29.572849999443786 ], [ -94.545908000344411, 29.572502999275933 ], [ -94.522880999422767, 29.550365000311402 ], [ -94.498176999494532, 29.544822000754863 ], [ -94.47463700018281, 29.558329000096602 ], [ -94.42286800014206, 29.566256000051585 ], [ -94.412444999414902, 29.573371000581357 ], [ -94.414295000618196, 29.590215000186816 ], [ -94.38974200090648, 29.594792999507305 ], [ -94.379483000392071, 29.61704799940232 ], [ -94.353948000342641, 29.611497000667377 ], [ -94.357510000800872, 29.858350000232374 ], [ -94.246441000737263, 29.94962299959596 ], [ -94.141213999920083, 30.053784000415714 ], [ -94.135287000833699, 30.043860000853911 ], [ -94.092769999937104, 30.042314999513358 ], [ -94.087986999915287, 30.060465999301012 ], [ -94.108376999758534, 30.081061999811787 ], [ -94.09377900093881, 30.08661199950102 ], [ -94.07427800005209, 30.116510999866474 ], [ -94.113479999960347, 30.148311000224886 ], [ -94.110103000442095, 30.188344000235752 ], [ -94.09469100048868, 30.202961999623916 ], [ -94.11630800069959, 30.218882000154395 ], [ -94.117027999388498, 30.241649000211567 ], [ -93.7069929992076, 30.243735999732404 ], [ -93.704584000259715, 30.289949000392571 ], [ -93.729046000557915, 30.296705000311871 ], [ -93.764252000121488, 30.330229000669593 ], [ -93.765296999150124, 30.342448000375999 ], [ -93.755356000304573, 30.368956000573327 ], [ -93.757408999404447, 30.390812999397603 ], [ -93.727723999685907, 30.415157999210997 ], [ -93.726105999269834, 30.430720000226074 ], [ -93.698135000798842, 30.438880000501079 ], [ -93.716602000070893, 30.494423999885917 ], [ -93.706506999920521, 30.5099099995263 ], [ -93.738788000169848, 30.540975000444803 ], [ -93.725403000167717, 30.557104000644678 ], [ -93.727474000555077, 30.574723999402995 ], [ -93.713781999268534, 30.587583999740602 ], [ -93.678661999642983, 30.594097000630473 ], [ -93.683372000779343, 30.608248999305637 ], [ -93.683099999606952, 30.640763000758451 ], [ -93.661250999733156, 30.661203000709023 ], [ -93.631344999189551, 30.677871999483244 ], [ -93.6088750005881, 30.719117000500841 ], [ -93.619130000662054, 30.741996999724176 ], [ -93.614776999478991, 30.756063999753053 ], [ -93.592100999835097, 30.763675000246934 ], [ -93.574676999677791, 30.801372999202332 ], [ -93.553625999678289, 30.83514000069523 ], [ -93.558501999210591, 30.867904999215789 ], [ -93.574080000586065, 30.884528999223264 ], [ -93.549201999348696, 30.897438999605075 ], [ -93.552084999365619, 30.91811899962504 ], [ -93.531234000206211, 30.924387999688097 ], [ -93.526013000606866, 30.937534999377064 ], [ -93.531758000736914, 30.958216999310324 ], [ -93.546327000307699, 30.957801999872785 ], [ -93.558860999706354, 30.970861000650476 ], [ -93.565430000265522, 30.99057899978547 ], [ -93.578206999435423, 30.99999499960818 ], [ -93.565631000577568, 31.013155999601086 ], [ -93.539183999911813, 31.008211999379736 ], [ -93.50829199970552, 31.032352000007712 ], [ -93.524738999344464, 31.039006999234246 ], [ -93.521144999596345, 31.057275000118153 ], [ -93.527167999945746, 31.073188999597139 ], [ -93.55220499953505, 31.078930999180546 ], [ -93.563268999352914, 31.093591999442097 ], [ -93.539366000904451, 31.115206999763409 ], [ -93.548700000897597, 31.155839000460844 ], [ -93.536480999031326, 31.158471000423681 ], [ -93.548929999359416, 31.186601000135212 ], [ -93.589118999687855, 31.165889000612346 ], [ -93.600308000811381, 31.176158000357105 ], [ -93.911219000576139, 31.158065999852621 ], [ -94.039033999876366, 31.134270999718741 ], [ -94.050905000150465, 31.114609000250542 ], [ -94.129631999741818, 31.099280000261686 ], [ -94.143878000423911, 31.114755999323751 ], [ -94.189586000376579, 31.134013999549943 ], [ -94.219555999464433, 31.164419000489858 ], [ -94.218996999602112, 31.173264999171483 ], [ -94.247150999476546, 31.184497999812876 ], [ -94.265457999442432, 31.184529999548623 ], [ -94.269862999583964, 31.196239999343025 ], [ -94.287885000738527, 31.201330000255624 ], [ -94.313261999820071, 31.223862000289323 ], [ -94.331709000903174, 31.223531000607242 ], [ -94.348746999871707, 31.238302000513805 ], [ -94.357631000790832, 31.259589999751086 ], [ -94.374184999276821, 31.266162000036861 ], [ -94.39349400074245, 31.299521999379188 ], [ -94.438056000953097, 31.312609999922511 ], [ -94.449421999630417, 31.32133699920745 ], [ -94.466675999635029, 31.378009000418725 ], [ -94.483704999949367, 31.388339999589412 ], [ -94.502188000505782, 31.410525000237303 ], [ -94.5370610000559, 31.398608999998512 ], [ -94.544705999432551, 31.424199000523497 ], [ -94.554838000281961, 31.43512299972663 ], [ -94.581451999586307, 31.433189000210621 ], [ -94.602165999425807, 31.442043000224754 ], [ -94.62396900058279, 31.439403000509955 ], [ -94.660265999748134, 31.452354000340904 ], [ -94.686348999720039, 31.450816999878697 ], [ -94.728456000100834, 31.457146999343284 ], [ -94.75300600040643, 31.470276999388101 ], [ -94.808197999707176, 31.488807000723998 ], [ -94.823791000117453, 31.487137000726722 ], [ -94.833868999307356, 31.501661999722689 ], [ -94.861037999390575, 31.514581999639617 ], [ -94.865857000033074, 31.526915999692573 ], [ -95.003345000631569, 31.42570999990448 ] ] ] } },
{ "type": "Feature", "properties": { "District": 37 }, "geometry": { "type": "Polygon", "coordinates": [ [ [ -97.90981400010125, 30.234950999263816 ], [ -97.888304999971709, 30.229194999228831 ], [ -97.902145000702191, 30.207505000581456 ], [ -97.890590000644949, 30.174081999645168 ], [ -97.869085000630392, 30.195895999281738 ], [ -97.853239999565773, 30.178240999784762 ], [ -97.846116000558879, 30.149474999390574 ], [ -97.823056999477174, 30.148279999220549 ], [ -97.805640000149168, 30.154681999316495 ], [ -97.76865999994547, 30.156166999505199 ], [ -97.76593899997566, 30.145243000602438 ], [ -97.778719000143823, 30.129695000146 ], [ -97.781789000665128, 30.112653000241522 ], [ -97.755770000304224, 30.101182000223442 ], [ -97.740876000431967, 30.124162000451108 ], [ -97.719531000783903, 30.113968999926545 ], [ -97.694926000783653, 30.112320999402478 ], [ -97.69696399973455, 30.147588000201441 ], [ -97.687753999783325, 30.18299999965496 ], [ -97.66350500062417, 30.170336999395712 ], [ -97.639640000130939, 30.177315000796639 ], [ -97.608391000444385, 30.199219000100079 ], [ -97.576496999614747, 30.214266999733297 ], [ -97.556500999122207, 30.207732999556843 ], [ -97.541565999360941, 30.225865000365854 ], [ -97.544747999570674, 30.240795999751466 ], [ -97.559738999251039, 30.249735000673397 ], [ -97.526579999327296, 30.303666000700666 ], [ -97.517447000829577, 30.306263999754535 ], [ -97.500595000040917, 30.350565999577157 ], [ -97.538125999403277, 30.349398000707541 ], [ -97.52911900048376, 30.375769000310811 ], [ -97.553442000590536, 30.387441999553189 ], [ -97.563922999854455, 30.371565000399528 ], [ -97.582620999878174, 30.369609000462972 ], [ -97.609177999585441, 30.378525999767671 ], [ -97.62180900002852, 30.370614999838729 ], [ -97.648687000904502, 30.386913999562463 ], [ -97.639257999610294, 30.404095000189486 ], [ -97.659020000287853, 30.41857000065523 ], [ -97.698780999837481, 30.440509000781137 ], [ -97.702803000591913, 30.426111000691677 ], [ -97.728930000412063, 30.432440999500258 ], [ -97.729211000913168, 30.412078999502796 ], [ -97.760181000880294, 30.400709000816878 ], [ -97.771414999855864, 30.382759999219815 ], [ -97.788122000792953, 30.369781000235736 ], [ -97.796826000032439, 30.349986000588661 ], [ -97.787031000624211, 30.343229000512263 ], [ -97.775883999416706, 30.313606000297593 ], [ -97.758219000040441, 30.29885800078328 ], [ -97.774334000228535, 30.270443000220091 ], [ -97.798614000405024, 30.257339000245477 ], [ -97.806479999265449, 30.244892999369778 ], [ -97.82368200019242, 30.236873000322856 ], [ -97.85299200036377, 30.249643999793335 ], [ -97.860052000384087, 30.235596000043145 ], [ -97.894259000200549, 30.24989100046308 ], [ -97.90981400010125, 30.234950999263816 ] ] ] } },
{ "type": "Feature", "properties": { "District": 38 }, "geometry": { "type": "Polygon", "coordinates": [ [ [ -95.596756999848523, 30.134460000261885 ], [ -95.62322999995456, 30.135739000581193 ], [ -95.669017000501341, 30.101442999516177 ], [ -95.683652000838421, 30.107331000705628 ], [ -95.733942999099526, 30.093538999616065 ], [ -95.748577999338963, 30.095846000680421 ], [ -95.771412000686652, 30.087756000017741 ], [ -95.800284000793326, 30.091289000467917 ], [ -95.813219000927205, 30.084431999337546 ], [ -95.815754999902424, 30.069552000345723 ], [ -95.815132000031781, 29.996218000770213 ], [ -95.809356000546529, 29.995595000683277 ], [ -95.808336000333099, 29.950123999348204 ], [ -95.769566000546249, 29.961122999686467 ], [ -95.76148099984961, 29.911656999664512 ], [ -95.73236599956897, 29.912099999594854 ], [ -95.717543000951252, 29.904287999381314 ], [ -95.686000999122697, 29.908524000615731 ], [ -95.683391999487213, 29.890575999215088 ], [ -95.651985999802179, 29.887481000097555 ], [ -95.633022999603213, 29.879316000703287 ], [ -95.618350999059729, 29.853797000165379 ], [ -95.63420499972618, 29.8075639994467 ], [ -95.633026999666669, 29.794430999280323 ], [ -95.617662000132839, 29.787480000519565 ], [ -95.621325999751804, 29.771377000467254 ], [ -95.606190999538455, 29.761887000766411 ], [ -95.60412499941971, 29.744487999434416 ], [ -95.585676000213923, 29.749214999435434 ], [ -95.578395999349794, 29.767021000298126 ], [ -95.558095000416529, 29.76086700053348 ], [ -95.557716999245031, 29.736857000791648 ], [ -95.538871000490232, 29.737117000711372 ], [ -95.528594000586779, 29.745925999631901 ], [ -95.50090499993388, 29.737538000542227 ], [ -95.486033999694783, 29.749938000000729 ], [ -95.456638000854412, 29.747481999633433 ], [ -95.448158999152412, 29.741630000313833 ], [ -95.410643000225051, 29.744668999335335 ], [ -95.410726999398989, 29.754556000446314 ], [ -95.448243000469773, 29.768571000394175 ], [ -95.451262999158374, 29.795012000546432 ], [ -95.462887000839984, 29.802930999833368 ], [ -95.516397999463521, 29.803515000555461 ], [ -95.509322999825415, 29.832710999641471 ], [ -95.546157000804897, 29.832228999781837 ], [ -95.548798999904562, 29.850152999490241 ], [ -95.563665999995578, 29.85029200049998 ], [ -95.563741999259392, 29.867040000270272 ], [ -95.548723999533479, 29.884069000490054 ], [ -95.549778999479656, 29.899626000044496 ], [ -95.567266000410754, 29.909743999196341 ], [ -95.584562000454085, 29.909974999829508 ], [ -95.585240999906659, 29.966226000634133 ], [ -95.595637000482228, 29.972421999278922 ], [ -95.579547000089974, 29.988088999293566 ], [ -95.540895999180336, 29.98945700037978 ], [ -95.519802000505464, 30.005883000420543 ], [ -95.496736000770824, 30.013322999335532 ], [ -95.507153000343905, 30.030164000651926 ], [ -95.488562000243704, 30.040385999508835 ], [ -95.49602499944956, 30.058485999485328 ], [ -95.496708000693857, 30.083466000340461 ], [ -95.506781000236757, 30.09694000041674 ], [ -95.504852000611052, 30.136893999285039 ], [ -95.56275599937689, 30.136620999727228 ], [ -95.574629999211709, 30.151783000355049 ], [ -95.596756999848523, 30.134460000261885 ] ] ] } }
]
}
